4, 組織の状況*
4.1, 組織及びその状況の理解*組織の目的及び戦略的な方向性に関連し. かつ、 その品質*マネジメントシステムの意図した結果を茅する組織の部力に か*与える、 外部及び内部の課題を明確にしなければならない.*組織は、 これらの外部及び内部の課量に関する情報を監視し レビューレしなければならない.   *注記1 課題には、 検討の対象となる、 好ましい要因は状態*及び好ましくない要因又は状態が含まれ得る. *注記2 外部の状況の理解は、 国際 国内、 地方又は地域を問わ*ず、 法令、技術、競争、市場、 文化社会及び経済の環*境から生じる課題を検討するこ とによって容易になり得*注記3 内作の状況の理角は 組織の価値観、 文化、知識及び*パフォーマンスマンス関する課題を検討することによって容易*になり得る.*
4.2, 利害関係者のニーズ及び期待の理解*次の事項は 顧客要求事項及び適用される法令・ 規制要求事項を満*たした製品及びサービスを一貫して提供する組織の能力に影響又は潜*在的影響を与えるため、 組織は、 これらを明確にしなければならな*い.*a) 品質マネジメントシステムに密接に関連する利害関係者*b) 品質マネジメント システムに密接に関連するそれらの利害関係者の要求事項*組織は、これらの利害及びその関連する要求事項に関する情報を監視し、 レビューしなければならない.*
4.3, 品質てマネジメントシステムの適用範囲の決定*組織は、 品質マネジメントシステムの適用範囲を定めるために、 そ*の境界及び適用可能性を決定しなければならない.*この適用範囲を決定するとき、 組織は、 次の事項を考慮しをなければ*ならない。*a) 4.1に規定する外部及び内部の課題*b) 4.2 に規定する、 密接に関連する利害関係者の要求事項*c) 組織の製品及びサービス*決定した品質マネジメントシステムの適用範囲内でこの規格の要求*事項が適用可能ならば、組織は、これらを全て適用しなければならない。*組織の品質マネジメントシステムの適用範囲は、 文書化した情報と*して利用可能な状態にし、 維持しなければならない。適用範囲では、*対象となる製品及びサービスの種類を明確に記載し、 組織が自らの品*質マネジメントシステムの適用範囲への適用が不可能であることを決*定したこの規格の要求事項全てについて、 その正当性を示さきなければ*ならない.*適用不可能なことを決定した要求事項が、 組織の製品及びサービス*の適合並びに顧客満足の向上を確実にする組織の能力又は貴任に影響*を及ぼさない場合に限り、この規格への適合を表明してよい.*
4.8.1, 品質マネジメントシステムの適用範囲の決定一補足*支援部門 (設計センター、 本社及び配給センターのような) は、 サイト*内にあろうと遠隔地にあろうと、 品質マネジメントシステム (QMS) の*適用範時に含めなければならない.*この自動車産業 QMS 規格における唯一の許可きれる除外は、 ISO*9001の8.3における製品の設計・開発の要求事項に関連するものである.*除外は、 文書化した情報 (ISO 9001 の 7.5 参照) として正当性を示し維*持しなければならない.*許可される除外に、 製造工程設計は含めない.*
4.3.2, 顧客固有要求事項*顧客固有要求事項は、 評価し、 組織の品質マネジメントシステムの適用*範囲に含めなければならない.*
4.4, 品質マネジメントシステム及びそのプロセス*
4.4.1,*組織は、この規格の要求事項に従って必要なプロス及び*それらの相互作用を含む、品質マネジメントシステムを確立し、 実施*し、 礁持し、 かつ、 継続的に改善しなければならない。*組織は、 品質マネジメントシステムに必要なプロセス及びそれらの*組織全体にわたる適用を決定しなければならない. また、次の事項を*実施しなければぱならない.*a)これらのプロセスに必要なインプット、 及びこ れらのプロセスか*ら期待されるアウトプットを明確にする.*b)これらのプロセスの順序及び相互作用を明確にする.*c)これらのプロセスの効果的な運用及び管理を確実にするために必要*な判断基準及び方法（監視、測定及び関連するパフォーマンス指標を*含む）を決定し、適用する。*d)これらのプロセスに必要な資源を明確にし、及びそれが利用できる*ことを確実にする。*e)これらのプロセスに関する責任及び権限を割り当てる。*f)6.1の要求事項に従って、決定したとおりにリスク及び機会に取り込む。*g)これらのプロセスを評価し、これらのプロセスの意図した結果の達成を*確実するために必要な変更を実施する。*h)これらのプロセス及び品質マネジメントシステムを改善する。*
4.4.1.1, 製品及びプロセスの適合*組織は、 全ての製品及びプロセスが、 サービス部品及びアウトソースし*たものを含めて、 該当する、 全ての顧客、 法令、 規制の要求事項 (8.4.2.2*参照) に適合することを確実にしなければならない.*
4.4.1.2, 製品安全*組織は、 製品安全に関係する製品及び製造工程の運用管理に対する文書*化したプロセスをもたなければならない. それには、 該当する場合には、*必ず、 次の事項を含めなければならない. しかし、 それに限定されない.*a) 法令・規制の製品安全要求事項の組織による特定*b) a)における要求事項の顧客からの通知*c) 設計 TIMEA に対する特別承認*d) 製品安全に関係する特性の特定*e) 安全に関係する製品特性及び製造時点での特性の特定及び管理*f) コントロールプラン及び工程 FMEA の特別承認*g) 対応計画 (9.1.1.1 参照)*h) 定められた責任 トップマネジメントを含めた上申プロセス及び情報*フローの明確化、 並びに顧客への通知*i) 製品安全に関係する製品及び関連する製造工程に携わる要員に対す*る、 組織又は顧客によって特定された教育訓練*j) 製品又は工程の変更は、 工程及び製品の変更 (ISO 9001 の 8.3.6 参*照) による製品安全に関する潜在的影響の評価を含めて、 実施前に承*認しなければならない.*k) 顧客指定の供給者 (8.4.3.1 参照) を含む.。 サプライチェーン全体に*わたって製品安全に関する要求事項の連絡*) サプライチェーン全体にわたって、 (最低限) 製造ロット単位での製*品トレーサビリティ (8.5.2.1 参照)*m) 新製品導入に活かす学んだ教訓*注記 特別承認は、 安全に関係する内容をもつ文書を承認する貢任の*ある機能 (通常は顧客) による追加の承認である.*
4.4.2, 組織は、必要な程度まで、次の事項を行わなければならない。*a)プロセスの運用を支援するための文書化した情報を維持する。*b)プロセスが計画どおりに実施されたと確信するための文書化した情報を保持する。*
5,リーダーシップ*
5.1, リーダーシップ及びコミットメント*
5.1.1, 一般*トップマネジメントは、次に示す事項によって、品質マネジメントシステムに関するリーダーシップ及びコミットメントを実証しなければならない。*a)品質マネジメントシステムの有効性に説明責任(accountability)を負う。*b)品質マネジメントシステムに関する品質方針及び品質目標を確率し、それらが組織の状況及び戦略的な方向性と両立することを確実にする。*c)組織の事業プロセスへの品質マネジメントシステム要求事項の統合を確実にする。*d)プロセスアプローチ及びリスクに基づく考え方の利用を促進する。*e)品質マネジメントシステムに必要な資源が利用可能であることを確実にする。*f)有効な品質マネジメントシステム及び品質マネジメントシステム要求事項への適合の重要性を伝達する。*g)品質マネジメントシステムがその意図した結果を達成することを確実にする。*h)品質マネジメントシステムの有効性に寄与するよう人々を積極的に参加させ、指揮し、支援する。*i)改善を促進する。*j)その他の関連する管理層がその責任の領域においてリーダーシップを実証するよう、管理層の役割を支援する。*注記 この規格で【事業】という場合、それは組織が公的か私的か、営利か、非営利かを問わず、組織の存在の目的の中核となる活動という広義の意味で解釈され得る。*
5.1.1.1, 企業責任*組織は、企業責任方針を定め、実施しなければならない。それには、最低限、賄賂防止方針、従業員行動規範及び倫理上申方針（内部告発方針）を含める。*
5.1.1.2, プロセスの有効性及び効率*トップマネジメントは、プロセスの有効性及び効率を評価し改善するために、製品実現プロセス及び支援プロセスをレビューしなければならない。*プロセスレビュー活動の結果は、マネジメントレビュー(9.3.2.1参照）へのインプットとして含めなければならない*
5.1.1.3, プロセスオーナー*トップマネジメントは、組織のプロセス及び関係するアウトプットをマネジメントする責任をもつプロセスオーナーを特定しなければならない。*プロセスオーナーは、自らの役割を理解し、その役割を実行する力量がないければならない(ISO9001の7.2参照）*
5.1.2, 顧客重視*トップマネジメントは、次の事項を確実にすることによって、顧客重視に関するリーダーシップ及びコミットメントを実証しなければならない。*a)顧客要求事項及び適用される法令・規制要求事項を明確にし、理解し、一貫してそれを満たしている。*b)製品及びサービスの適合並びに顧客満足を向上させる能力に影響を与える得る、リスク及び機会を決定し、取り組んでいる。*c)顧客満足向上の重視が維持されている。*
5.2, 方針*
5.2.1, 品質方針の確立*トップマネジメントは、次の事項を満たす品質方針を確立し、実施し、維持しなければならない。*a)組織の目的及び状況に対して適切であり、組織の戦略的な方向性を支援する。*b)品質目標の設定のための枠組みを与える。*c)適用される要求事項を満たすことへのコミットメントを含む。*d)品質マネジメントシステムの継続的改善へのコミットメントを含む*
5.2.2, 品質方針の伝達*品質方針は、次に示す事項を満たさなければならない。*a)文書化した情報として利用可能な状態にされ、維持される。*b)組織内に伝達され、理解され、適用される。*c)必要に応じて、密接に関連する利害関係者が入手可能である。*
5.3, 組織の役割、責任及び権限*トップマネジメントは、関連する役割に応じて、責任及び権限が割り当てられ、組織内に伝達され、理解されることを確実にしなければならない。*トップマネジメントは、次の事項に対して、責任及び権限を割り当てなければならない。*a)品質マネジメントシステムが、この規格の要求事項に適合することを確実にする。*b)プロセスが、意図したアウトプットを生み出すことを確実にする。*c)品質マネジメントシステムのパフォーマンス及び改善(10.1参照)の機会を特にトップマネジメントに報告する。*d)組織全体にわたって、顧客重視を促進することを確実にする。*e)品質マネジメントシステムへの変更を計画し、実施する場合には、品質マネジメントシステムへの変更を計画し、*実施する場合には、品質マネジメントシステムを【完璧に整っている状態】(intgrity)に維持することを確実にする。*
5.3.1, 組織の役割責任及び権限一補足*トップマネジメントは、 顧客要求事項が満たされることを確実にするた*3 しなければならない. これらの任命*、 文書化しなければならない. これには、 特殊特性の選定、 品質目標の*設定及び関連する教育訓練、 基正処置及び予防処置、 製品の設計・開発、*生産能力分析、 物流情報、 琶室スコアカード久び用容ポー タルを含める*が、 それに限定されない.*
5.3.2, 製品要求事項及び是正処置に対する責任及び権限*トップマネジメントは、 次の事項を確実にしなければならない.*a) 製品要求事項への適合に責任を負う要員は、 品質問題を起止するため*に、 出荷を停止し、 生産を停止する権限をもつ.*注記 産業によっては工程設計のゆえに、 必ずしも直ちに生産を*停止できない場合がある. この場合、 影響のあるバッチは*封じ込めて、 顧客への出荷を防止しなければならない.*b) 不適合製品が顧客に出稚きれないように、 また、 全ての深在的不適合*製品を識別し封じ込めるために、 基正処置に対する権限及び責任をも*つ要員に、 要求事項に適合しない製品又はプロセスの情報が速やかに*報告される.*c) 全てのシフトにわたる生産活動に、 製品要求事項への適合を確実にす*る貢任を負う、 又はその責任を委任された要員を配置する.*
6, 計画*
6.1, リスク及び機会への取り組み*
6.1.1, 品質マネジメントシステムの計画を作成するとき、組織は4.1に規定する課題及び4.2に規定する要求事項を考慮し、*次の事項のために取り組む必要があるリスク及び機会を決定しｈなければならない。*a)品質マネジメントシステムが、その意図した結果を達成できるという確信を与える*b)望ましい影響を増大する*c)望ましくない影響を防止又は低減する*d)改善を達成する。*
6.1.2, 組織は次の事項を計画しなければならない*a)上記によって決定したリスク及び機会への取組み*b)次の事項を行う方法*1)その取組身の品質マネジメントシステムプロセスへの統合及び実施(4.4参照)*2)その取組みの有効性の評価*リスク及び機会への取組は、製品及びサービスの適合への潜在的な影響と見合ったものでなければならない。*注記1 リスクへの取組の選択肢には、リスクを回避すること、リスク源を除去すること、起こりやすさ若しくは結果を変えること、*リスクを共有すること、又は情報に基づいた意思決定によってリスクを保有することが含まれ得る。*注記2 機会は、新たな慣行の採用、新製品の発売、新市場の開拓、新たな顧客への取組み、パートナーシップの構築、*新たな技術の使用、及び組織のニーズ又は顧客のニーズに取り組むためのその他の望ましくかつ実行可能な可能性につながり得る。*
6.1.2.1, リスク分析*組織は、 最低限、 製品のリコールから学んだ教訓、 製品監査、 市場で起*きた回収・修理。 苦情. スクラップ及び手直しを、 リスクタ分析に含めなけ*ればならない.*組織は、 リスク分析の結果の証拠として、 文書化した情報を保持しなけ*ればならない.* 
6.1.2.2, 予防処置*組織は、 起こり得る不適合が発生することを防止するために、 その原因*を除夫する処置を決め、 実施しなければならない. 予防処置は、 起こり得*る問題の重大性に応じたものでなければならない.*組織は、 次の事項を含む、 リスクの悪影響を及ぼす度合いを減少させる*プロセスを確立しなければならない.*a) 起こり得る不適合及びその原因の特定*b) 不適合の発生を予防するための処思の必要性の評価*c) 必要な処置の決定及び実施*d) とった処置の文書化した情報*e) とった予防処置の有効性のレビュー*f) 類似プロセスでの再発を防止するために学んだ教訓の利用(ISO 9001*の 7.1.6 参照)*
6.1.2.3,緊急事態対応計画*組織は、 次の事項を実施しなければならない.*a) 顧客要求事項が満たさきれることを確実にし、 生産からのアウトプット*を維持するのに不可欠な全ての製造工程及びインフラストラクチャの*設備に対する内部及び外部のリスクを特定し評価する.*b) 顧客へのリスク及び影響に従って、 緊急事惑対応計画を定める.*c) 次のような事態において、 供給の継続のために緊急事態対応計画を*準備する. 主要設備の故障 (8.5.6.1.1 も参照)、 外部から提供される製*品、プロセス、 及びサービスの中断、 繰り返し発生する自然災害、火事、 電気・ガス・水道の停止、 労働力不足、 又はインフラストラクナチ*ャ障害*d) 顧客の操業に影響するあいかなる状況も、 その程度及び期間に対して、*顧客及び他の利害関係者への通知プロセスを、 緊急事態対応計画の補*完として含める.*e) 有効性(例 必要に応じて、 シミュレーション) について、 定期的に*緊急事態対応計画をテストする.*人) トップマネジメントを含む部門横断ナチームによって、 緊急事態対応計*画のレビューを行い (最低限、 年次で)、 必要に応じて更新する.*g) 緊急事態対応計画を文書化し、 また、 変更を正式許可した人を含む、*いかなる改計をも記述した文書化した情報を保持する.*村急事王対応計画には、 生産が停止した緊急事態の後で生産を再稼働し*たとき及び正規のシャットダウンプロセスがとられなかった場合、 製造さ*れた製品が引き続き顧客仕様を満たすことの妥当性確認条項を含めなけれ*ばならない.*
6.2, 品質目標及びそれを達成するための計画策定*
6.2.1, 組織は、品質マネジメントシステムに必要な、関連する機能、階層及びプロセスにおいて、品質目標を確率しｈなければならない。*品質目標は、次の事項を満たさなければならない。*a)品質方針と整合している。*b)測定可能である。*c)適用される要求事項を考慮に入れる。*d)製品及びサービスの適合、並びに顧客満足の向上に関連している。*e)監視する。*f)伝達する。*g)必要に応じて、更新する。*組織は、品質目標に関する文書化した情報を維持しなければならない。*
6.2.2, 組織は、品質目標をどのように達成するかについて計画するとき、次の事項を決定しなければならない。*a)実施事項*b)必要な資源*c)責任者*d)実施事項の完了時期*e)結果の評価方法*
6.2.2.1, 品質目標及びそれを達成するための計画策定一補足*トップマネジメントは、 組織全体にわたって、 関連する機能. プロセス*及び階層において、 以客要求事項を満たす品質目標を定め、 確立し及び維*持することを確実にしなければならない.*利害関係者及びその関連する要求事項に関する組織のレビューの結果*は、 組織が最低限、 年次の品質目標及び関係するパフォーマンス目標 (内*部及び外部) を確立する際に、 考慮しなければならない.*
6.3, 変更の計画*組織が品質マネジメントシステムの変更必要性を決定した時、その変更は、 計画的な方法で行わなければならない(4.4参照)*組織は、 次の事項を考慮したなければない。*a) 変更の目的、 及びそれによって起こり得る結果*b) 品質マネジメントシステムの【完全に整っている状態 】(integrity)*c)資源の利用可能性*d)責任及び権限の割当て又は再割当て*
7, 支援*
7.1, 資源*
7.1.1, 一般*組織は、 品質マネジメン トシステムの確立、実施、、維持及び継続的* 改善に必要な資源を明確にし、 提供しなければならない。*a)既存の内部資源の実現能力及び制約*b)外部提供者から取得する必要があるもの*
7.1.2, 人々*組織は、品質マネジメントシステムの効果的な実施、並びにそのプロセスの適用及び管理のために必要な人々を明確にし、提供しなければならない*
7.1.3, インフラストラクチャ*組織は、プロセスの運用に必要なインフラストラクチャ、並びに製品及びサービスの適合を達成するために必要なインフラストラクチャを明確にし、*提供し、維持しなければならない。*注記 インフラストラクチャには、次の事項が含まれ得る。*a)建物及び関連するユーティリティ*b)設備、これにはハードウェア及びソフトウェアを含む*c)輸送のための資源*d)情報通信技術*
7.1.3.1, 工場、 施設及び設備の計画*間野 策定し改善するために、 リスク特*定及びリスク緩和の方法を含めて、 部門横断的アプローチを用いなければ*ならない. 工場レイアウトを設計する際は、 組織は次の事項を実施しなけ*ればならない.*a) 不適合製品の管理を含む、 材料の流れ、 材料の取扱い及び現場スペー*スの付加価値のある活用を最適化する.*b) 該当する場合には、 必ず、 同期のとれた材料の流れを促進する.*新製品及び新運用に対する製造フィージビリティを評価するために、 方*法を開発し、 実施しなければならない. 製造フィージビリティ評価には、*計画を含めなければならない. これらの方法は、 既存の運用への*提案された変更を評価することにも適用可能でなければならない.*組織は、 リスクに関連する定期的再評価を含めて、 工程承認中になされ*変更、 コントロールプランの維持 (8.5.1.1 参照) 及び作業の段取り替*え検証 (8.5.1.3 参照) を取り入れるために、 工程の有効性を維持しなけ*ればならない.*製造フィージビリティ評価及び生産能力評価は、. マネジメントレビュー*へのインプットとしなければならない (TSO 9001 の 9.8 参照).*注記1 これらの要求事項には、 リーン生産の原則の適用を含めるこ*とが塵ましい.*注記2 これらの要求事項は、 該当する場合には、 必ず、 サイト内供*給者の活動に適用することが望ましい.*
7.1.4, プロセスの運用に関する環境*組織は、プロセスの運用に必要な環境、並びに製品及びサービスの適合を達成するために必要な環境を明確にし、提供し、維持しなければならない。*注記 適切な環境は、次のような人的及び物理的要因の組合せであり得る。*a)社会的要因(例えば、非差別的、平穏、非対立的)*b)心理的要因(例えば、ストレス軽減、燃え尽き症候群防止、心のケア)*c)物理的要因(例えば、気温、熱、湿度、光、気流、衛生状態、騒音)*これらの要因は、提供する製品及びサービスによって、大いに異なり得る。*注記 ISO45001(又はそれに相当するもの)への第三者認証が承認されれば、この要求事項の要員安全に対する組織の適合を実証するために用いてもよい。*
7.1.4.1, プロセスの運用に関する環境-補足*組織は、製品及び製造工程のニーズに合わせて、事業所を整頓され清潔で手入れされた状態に維持しなければならない。*
7.1.5, 監視及び測定のための資源*
7.1.5.1, 一般*要求事項に対する製品及びサービスの適合を検証するために監視又*は測定を用いる場合、 組織は、 結果が妥当で信頼できるものであるこ*とを確実にするために必要な資源を明確にし、提供しなければならない。*組織は、用意した資源が次の事項を満たすことを確実にしなければならない。*a)実施する特定の種類の監視及び測定活動に対して適切である。*b) その目的に鞭続して合致することを確実にするために維持されている。*組織は、 監視び測定のための資源が目肘合致している証拠とし*て、 適切な文書化した情報を保持しなければならない.*
7.1.5.1.1, 測定システム解析*コントロールプランに特定されている各種の検査、 測定及び試験設備シ*ステムの結果に存在するばらつきを解析するために、 統計的調査を実施し*なければならない. 使用する解析方法及び合否判定基準は、 測定システム*解析に関するレファレンスマニュアルに適合しなければならない. 顧客が*承認した場合は、 他の解析方法及び合否判定基準を使用してもよい.*代禁方法に対する顧客承諾の記録は、 代替の測定システム解析の結果と*ともに保持しなければならない (9.1.1.1 参照).*注記 MSA 調査の優先順位は、 製品若しくは工程の重大特性又は特*殊特性を重視することが望ましい.*
7.1.5.2, 測定のトレーサビリティ*測定のトレーサビリティが要求事項となっている場合、又は組織が*それを測定結果の妥当性に信頼を与えるための不可欠な要素といなす*場合には、 測定機器は、 次の事項を満たさなければならない.*a) 定められた間隔で又は使用前に、 国際計量標准又国家計量標準*に対してトレーサブルである計量標準に照らして校正若しくは検*証、 又はそれらの両方を行う. そのような標準が存在しない場合*には、 校正又は検証に用いたよりどころを、文書化した情報とし*て保持する.*b)それらの状態を明確にするために議別を行う。*c)校正の状態及びそれ以降の測定結果が無効になってしまうような*調整、 損傷又は劣化から保護する。*測定機器が意図した目的に適していないことが判明した場合、 組織*は、それまでに測定した結果の妥当性を損なうものであるか否かを明*確にし、必要に応じで、 適切な処置をとらなければならない.*注記 機器の校正記録に対してトレーサブルな番号又は他の識別子*は、ISO9001:2015における要求事項の意図を満たす。*
7.1.5.2.1, 校正/検証の記録*組織は、校正/検証の記録をマネジメントする文書化したプロセスをも*たなければならない。 内部要求事項、 法令・規制要求事項及び顧客が定め*た要求事項への適合の証拠を提供するために必要な、 全てのゲージ、 測*定機器及び試験設備 (測定に関連する従業員所有の機器、 顧客所有の機*器、 サイト内供給者所有の機器を含む.) に対する校正/検証の活動の記*録は、 保持しなければならない.*組織は、校正/検証の活動及び記録には次の詳細事項を含めなければな*らないことを確実にしなければならない.*a) 測定システムに影響する、 設計変更による改訂*b) 校正/検証のために受け入れた状態で、 仕様外れの値*c) 仕様外れ状態によって引き起こされ得る製品の意図した用途に対する*リスクの評価*d) 検査測定及び試験設備が、 計画した検証中若しくは校正中に、又はそ*の使用中に、 校正外れ又は故障が発見された場合、 この検査測定及び*試験設備によって得られた以前の測定結果の妥当性に関する文書化し*た情報を、 校正報告書に関連する標準器の最後の校正を行った日付及*び次の校正が必要になる期限を含めて、 保持しなければならない.*e) 疑わしい製品又は材料が出荷された場合の顧客への通知*f) 校正/検証後の、 仕様への適合表明*g) 製品及び工程の管理に使用されるソフトウェアのバージョンが指示ど*おりであることの検証*h) 全てのゲージ (従業員所有の機器、 顧客所有の機器、 サイト内供給者*所有の機器を含む.) に対する校正及び保全活動の記録*i) 製品及び工程の管理に使用される (従業員所有の機器、 顧客所有の機*器、 サイト内供給者所有の機器にインストールされたソフトウェアを*含む。)生産に関係するソフトウエアの検証。*
7.1.5.3.1, 内部試験所*組織内部の試験所施設は、 要求される検査、試験又は校正サービスを*実行する能力を含む、 定められた適用範囲をもたなければならない。この*試験所適用範囲は、 品質マネジメントシステム文書に含めなければならな*い。 試験所は、最低限、次の事項に対する要求事項を規定し、 実施しなけ*ればならない.*a)試験所の技術手順の適切性*b)試験所要員の力量*c)製品の試験*d)該当するプロセス規格 (ASTM、 EN などのような)にトレーサブル*な形で、これらのサービスを正確に実行する能力. 国家標準又は国際*標準が存在しない場合、組織は、測定システムの能力を検証する手段*を定めて実施しなければならない。*e)もしあれば、顧客要求事項*f)関係する記録のレビュー*注記 ISO/IEC17025(又はそれに相当するもの)に対する第三者認定を、組織の内部試験所がこの要求事項に適合していることの実証に使用しても良い。*
7.1.5.3.2, 外部試験所*組織が検査、試験、 又は校正サービスに使用する、 外部/商用/独立の*試験所施設は、要求される検査、 試験、 又は校正を実行する能力を含む、*定められた試験所適用範囲をもたなければならない。 また、 次の事項のい*ずれかを満たさなければならない.*試験所は、 ISO/IEC 17025 又はこれに相当する国内基準に認定され、*該当する検査、試験、又は校正サービスを認定(認証書)の適用範囲*に含めなければならない。 校正又は試験報告書の認証書は、国家認定*機関のマークを含んでいなければならない.*外部試験所が顧客に受け入れられることができるとの証拠がなければ*ならない。*注記 そのような証拠は、例えば、試験所がISO/IEC 17025又はこれに相当する国内基準の意図を満たすとの顧客評価、*又は顧客が認めた第二者監査評価によって、実証してもよい。顧客が認めた評価方法を使用して試験所を評価する組織によって第二者監査評価を実行してもよい。*ある機器に対して認定された試験所を利用できない場合、校正サービスは、機器の製造業者によって実行してもよい。*この場合、組織は7.1.5.3.1に記載された要求事項を満たすことを確実にしなければならない。*校正サービスの使用は、認定された(又は顧客が認めた)試験所以外に*よる場合、要求されれば、政府規制の確認の対象となる場合がある。*
7.1.6, 組織の知識*組織は、プロセスの運用に必要な知識、 並びに製品及びサービスの*適合を達成するために必要な知識を明確にしなければならない。*この知識を維持し、 必要な範囲で利用できる状態にしなければなら*ない*変化するニーズ及び傾向に取り組む場合、 組織は、 現在の知識を考*慮し、必要な追加の知識及び要求される更新情報を得る方法又はそれ*らにアクセスする方法を決定しなければならない。*注記 1 組織の知識は、組織に固有な知識であり、それは一般的*に経験によって得られる. それは、組織の目標を達成す*るために使用し、共有する情報である.*注記 2 組織の知識は、次の事項に基づいたものであり得る。*a) 内部の知識源 (例えば、 知的財産、 経験から得た知*識、成功プロジェクト及び失敗から学んだ教訓、 文*書化していない知識及び経験の取得及び共有、プロ*セス、 製品及びサービスにおける改善の結果)*b) 外部の知識源(例えば、標準、学界、会議、顧客又*は外部の提供者からの知識収集)*
7.2, 力量*組織は、次の事項を行わなければならない.*a) 品質マネジメントシステムのパフォーマンス及び有効性に影響を*与える業務をその管理下で行う人 (又は人々)に必要な力量を明*確にする.*b)適切な教育訓練又は経験に基づいて、 それらの人々が力量を備*えていることを確実にする.*c) 該当する場合には、必ず、必要な力量を身に付けるための処置を*とり、とった処置の有効性を評価する.*d) 力量の証拠として、 適切な文書化した情報を保持する.*注記 適用される処置には、例えば、現在雇用している人々に対*する、 教育訓練の提供、 指導の実施、 配置転換の実施など*があり、また、 力量を備えた人々の雇用、そうした人々と*の契約締結などもあり得る.*
7.2.1, 力量補足*組織は、製品及びプロセス要求事項への適合に影響する活動に従事する*全ての要員の、 認識 (7.3.1 参照) を含めて、 教育訓練のニーズ及び達成*すべき力量を明確にする文書化したプロセスを確立し、 維持しなければな*らない. 必要に応じて、 顧客要求事項を満たすことに特に配慮して、 特定*の業務に従事する要員を適格性確認しなければならない.*
7.2.2, 力量一業務を通じた教育訓練 (OJT)*組織は、 品質要求事項への適合、 内部要求事項、 規制又は法令要求事項*に影響する、 新規の又は変更された責任を負う要員に対し、 業務を通じた*教育訓練 (OJT) (これには雄客要求事項の教育訓練を含めなければなら*ない.) を提供しなければならない. これには、 契約又は派遣の要員を含*めなければならない. 業務を通じた教育訓練 (OJT) に対する詳細な要求*レベルは、 要員が有する教育及び日常業務を実行するために必要な任務の*複雑さのレベルに見合っていなければならない. 品質に影響し得る仕事に*従事する要員には、 顧客要求事項に対する不適合の因果関係について、 知*らせなければならない.*
7.2.3, 内部監査上員の力量*組織は、 顧客固有要求事項を考慮に入れて、 内部監査員が力量をもつこ*とを検証する文書化したプロセモスをもたなければならない. 監査員の力量*に関する追加の手引には、 ISO 19011 を参照する. 組織は、 資格をもつ*内部監査員のリストを維持しなければならない.*品質マネジメントシステム監査員、 製造工程監査員及び製品監査中は、*全て、 次の最低限の力量を実証できなければならない.*a)リスクに基づく考え方を含む、 監査に対する自動車産業プロセスアプ*ローチの理解*b)該当する顧客固有要求事項の理解*c)監査範囲に関係する、 該当する TSO 9001 及び IATF 16949 要求事項*の理解*d)監査範囲に関係する、 該当するコアツール要求事項の理解*e)計画。 実施、 報告及び監査所見の完了の仕方の理解*さらに、 製造工程監査員は、 監査対象となる該当する製造工程の、 工程*リスク分析 (PFMEA のような) 及びコントロールプランを含む、 専門的*理解を実証しなければならない. 製品監査員は、 製品の適合性を検証する*ために、 製品要求事項の理解、 並びに該当する測定及び試験設備の使用に*おいて、 力量を実証しなければならない.*力量を獲得するために教育訓練が提供される際は、 上記要求事項を備え*たトレーナーの力量を実証するために文書化した情報を保持しなければな*らない.*内部監査員の力量における維持及び改善は、 次の事項を通じて実証しな*ければならない.*f)組織が定める、 年間最低回数の監査の実施*g)内部変化 (例 工程技術、 製品技術) 及び外部変化 (例 ISO 9001、*IATF 16949。 コアツール及び顧客固有要求事項) に基づく、 該当す*る要求事項の知識の維持*
7.2.4, 第二者監査員の力量*組織は、 第二者監査を実施する監査員の力量を実証しなければならな*い. 第二者監査員は、 監査員の適格性確認に対する顧客固有要求事項を満*たし、 次の事項の理解を含む、 最低限の核となる次の力量を実証しなけれ*ばならない.*a)リスクに基づく考ぇ方を含む、 監査に対する自動車産業プロセスアプ*ローチ*b)該当する顧客及び組織の固有要求事項*c)監査範囲に関係する、 該当する ISO 9001 及びIATE 16949 要求事項*d)PFMEA 及びコントロールプランを含む、 監査対象となる製造工程*e)監査男囲に関係する、 該当するコアツール要求事項*f)計画、 実施、 監査報告書の準備及び監査所見の完了の仕方*
7.3, 認識*組織は、 組織の管理下で働く人々が、 次の事項に関して認識をもつ*ことを確実にしなければならない。*a)品質方針*b)関連する品質目標*c)パフォーマンスの向上によって得られる便益を含む、 品質マネジ*メントシステムの有効性に対する自らの貢献*d) 品質マネジメントシステスム要求事項に適合しないことの意味*
7.3.1, 認識一補足*組織は、 全ての従業員が、 顧客要求事項及び不適合製品に関わる顧客の*リスクを含む、 従業員が製品品質に及ぼす影響、 並びに品質を達成し、 維*持し及び改善するために行う活動の重要性を認識することを実証する、 文*書化した情報を維持しなければならない.*
7.3.2, 従業員の動機付け及びエンパワーメント*組織は、 品質目標を達成し、 継続的改善を行い及び革新を促進する環境*を創造するための、 従業員を動機付ける文書化したプロセスを維持しなけ*ればならない. そのプロセスには、 組織全体にわたって品質及び技術的*識を促進することを含めなければならない.*
7.4, コミュニケーション*組織は、次の事項を含む、品質マネジメントシステムに関連する内部及び外部のコミュニケーションを決定しなければならない。*a)コミュニケーションの内容*b)コミュニケーションの実施時期*c)コミュニケーションの対象者*d)コミュニケーションの方法*e)コミュニケーションの行う人*
7.5, 文書化した情報*
7.5.1, 一般*組織の品質マネジメントシステムは、次の事項を含まなければならない。*a)この規格が要求する文書化した情報*b)品質マネジメントシステムの有効性のために必要であると組織が決定した、文書化した情報*注記 品質マネジメントシステムのための文書化した情報の程度は、次のような理由によって、それぞれの組織で異なる場合がある。*-組織の規模、並びに活動、プロセス、製品及びサービスの種類*-プロセス及びその相互作用の複雑さ*-人々の力量*
7.5.1.1, 品質マネジメントシステムの文書類*組織の品質マネジメントシステムは、 文書化し、 品質マニュアルに含*めなければならない、 その品質マニュアルは一連の文書 (電子版又は印刷*版) であってもよい.*品質マニュアルの様式及び構造は、 組織の裁量により、 また、 組織の規*模、 文化及び複雑きによって決まる. 一連の文書が使用きれるならば、 組*織の品質マニュアルを構成する文書のリストを保持しなければならない.*品質マニュアルには、 最低限。 次の事項を含めなければならない.*a)品質マネジメントシステムの適用範囲. 除外がある場合には、 除外の*詳細、 及び除外を正当とする理由*b)品質マネジメントシステムについて確立された、 文書化したプロセ*ス、 又はそれらを参照できる情報*c)アウトソースしたプロセスの管理の方式及び程度を含む、 組織のプロ*セス並びにそれらの順序及び相互作用 (インプット及びアウトプッ*ト)*d)組織の品質マネジメントシステムの中の、 どこで顧客固有要求事項に*取り組んでいるかを示す文書 (すなわち、 マトリックス)*注記 この自動車産業 QMS 規格の要求事項が、 どのように組織のプ*ロセスによって取り組まれているかを示すマトリックスは、 組*織のプロセスとこの自動車産業 QMS とのつながりを支援する*ために利用してもよい.*
7.5.2, 作成及び更新*文書化した情報を作成及び更新する際、 組織は、 次の事項を確実に*しなければならない.*a)適切な識別及び記述(例えば、タイトル、日付、作成者、参照番号)*b)適切な形式 (例えば.言語.ソフトウェアの版、図表) 及び媒体(例えば、 紙、電子媒体)*C)適切性及び妥当性に関する、 適切なレビュー及び承認*
7.5.3, 文書化した情報の管理*
7.5.3.1, 品質マネジメントシステム及びこの規格で要求きれている*文書化した情報は、 次の事項を確実にするために管理しなければな*らない.*a)文書化した情報が、 必要なときに、 必要なところで、 入手可能か*つ利用に適した状態である.*b)文書化した情報が十分に保護されている (例えば. 機密性の喪失*不適切な使用及び完全性の喪失からの保護)*
7.5.8.2, 電化した情報の管理に当たって、組織は、該当する場合*には、 必ず、 次の行動に取り組まなければならない.*a)配付 、アクセス、 検索及び利用*b)読みやすさが保たれることを含む、 保管及び保存*c)変更の管理 (例えば、 版の管理)*d)保持及び廃棄*品質マネジメントシステムの計画及び運用のため に組織が必要と決*定した外部からの文書化した情報は、必要に応じて識別し、管理しな*ければならない.*適合の証拠として保持する文書化した情報は、 意図しない改変から*保護しなければならない.*注記 アクセスとは、文書化した情報の閲覧だけの許可に関する決定、又は文書化した情報の閲覧及び変更の許可及び権限に関する決定を意味し得る。*
7.5.8.2.1, 記録の保管*組織は、 記録保管方針を定め、 文書化し、 実施しなければならない. 記*録の管理は、 法令、 規制、 組織及び顧客要求事項を満たさきなければならな*い.*生産部品承認、 治工具の記録 (保全及び保有者を含む.)、 製品設計及び*工程設計の記録、 購買注文書 (該当する場合には、 必ず)、 契約書及びそ*の修正事項は、 製品が生産及びサービス要求事項に対して有効である期間*に加えて1暦年、 保持しなければならない. ただし、 顧客又は規制当局*によって規定されたときは、 この限りでない.*注記 生産部品承認の文書化した情報には、 承認された製品、 該当す*る設備の記録、 又は承認された試験データを含めてもよい.*
7.5.3.2.2, 技術仕様書*組織は、 顧客の全ての技術規格仕様書及び関係する改計に対して、 有要*求される顧客スケジュールに基づいて、 レビュー、 配付及び実施を記述し*た文書化したプロセスをもだたなければならない.*技術規格仕様書の変更が、 製品設計変更になる場合は、 ISO 9001 の*8.8.6 の要求事項を参照する. 技術規格/仕様書の変更が、 製品実現プロ*セスの変更になる場合は、 8.5.6.1 の要求事項を参照する. 組織は、 生産*において実施された各変更の日付の記録を保持しなければならない. 実施*には、 更新された文書を含めなければならない.*レビューは、 技術規格仕様書の変更を受領してから、 10 稼働日内に*完了することが望ましい.*注記 技術規格仕様書の変更は、 仕様書が設計記録に引用きれて*いる、 又は、 コントロールプラン、 リスク分析 (FMEA のよ*うな)、 などのような生産部品承認プロセス文書に影響する場*合、 顧客の生産部品承認の更新された記録が要求きれる場合が*ある.*
8, 運用*
8.1, 運用の計画及び管理*組織は、 に示す事項の実施によって、製品及びサービスの提供に*関する要求事項を満たすため、並びに箇条6で決定した取組を実施するために必要なプロセスを、計画し、実施し、かつ、管理しなければならない(4.4参照)*a)製品及びサービスに関する要求事項の明確化*b)次の事項に関する基準の設定*1)プロセス*2)製品及びサービスの合否判定*c)製品及びサービスの要求事項への適合を達成するために必要な資源の明確化*d) b)の基準に従った、 プロセスの管理の実施*e)次の目的のために必要な程度の、文書化した情報の明確化、維持*及び保持*1)プロセスが計画どおりに家施されたという確信をもつ.*2)製品及びサービスの要求事項への適合を実証する.*この計画のアウトプットは、 組織の運用に適したものでなければな*らない。*組織は、 計画した変更を管理し、意図しない変更によって生じた結果をレビューし、 必要に応じて、有害な影響を軽減する処置をとらな*ければならない.*組織は、外部委託したプロセスが管理されていることを確実にしなければならない(8.4参照)*組織は、 外部委託したプロセスが管理きれていることを確実にしな*ければならない (8.4 参照)*
8.1.1, 運用の計画及び管理一補足*製品実現の計画をする際は、 次の事項を含めなければならない.*a)顧客の製品要求事項及び技術仕様書*b)物流要求事項*c)製造フィージビリティ*d)プロジェクト計画 (ISO 9001 の 8.3.2 参照)*e)合否判定基準*ISO 9001 の 8.1 c) に特定される資源は、 製品及び製品の合否判定基準*に固有の、 要求される検証、 記当性確認、 監視、 測定、 検査及び試験活動*について述べている.*
8.1.2, 機密保持*組織は、 顧客と契約した開発中の製品及びプロジェクト、 並びに関係製*品情報の機密保持を確実にしなければならない.*
8.2, 製品及びサービスに関する要求事項*
8.2.1, 顧客とのロミュニケーション*顧客とのコミュニケーションには、次の事項を含めながらならない。*a)製品及びサービスに関する情報の提供*b)引合い、契約又は注文の処理、これらの変更を含む*c)普情を含む、 製品及びサービスに関する顧客からのフィードバッ*クの取得*d)顧客の所有物の取扱い又は管理*e)関連する場合には、 不測の事態への対応に関する特定の要求事項*の確立*
8.2.1.1, 顧客とのコミュニケーション-補足*記述された又は口頭のコミュニケーションは、 顧客と合意した言語によ*らなければならない. 組織は、 顧客に規定されたコンピュータ言語及び書*式 (例 _ CAD データ、 電子データ交換) を含めて、 必要な情報を伝達す*る能力をもたなければならない.*
8.2.2, 製品及びサービスに関する要求事項の明確化*製品及びサービスに関する要求事項の明確化一補足*顧客に提供する製品及びサービスに関する要求事項を明確にするとき、*組織は、次の事項を確実にしなければならない。*a)次の事項を含む、製品及びサービスの要求事項が定められてい*る.*1)適用される法令・規制要求事項*2)組織が必要とみなすもの*b)組織が、 提供する製品及びサービスに関して主張していることを*満たすことができる。*
8.2.2.1, 製品及びサービスに関する要求事項の明確化一補足*これらの要求事項には、 製品及び製造工程について組織の知識の結果と*してリサイクル、 環境影響及び特性を含めなければならない.*ISO 9001 の 8.2.2 a)1)への適合には、 材料の入手、 保管、 取扱い. リ*サイクル、 除去、 又は廃棄に関係する、 全ての該当する政府の、 安全規制*及び環境規制を含めなければならない. しかし、 それに限定されない.*
8.2.3, 製品及びサービスに関する要求事項のレビュー*
8.2.3.1, 組織は、 顧客に提供する製品及びサービスに関する要求事*項を満たす能力をもつことを確実にしなければならない. 組織は、 製*品及びサービスを顧客に提供することをコミットメントする前に、次の事項を含め、レビューを行わはなければならない。*a)顧客が規定した要求事項、これには引渡し及び引き渡し後の活動に関する要求事項を含む*b)顧客が明示してはいないが、指定された用途又は意図された用途が既知である場合、それらの用途に応じた要求事項*c)組織が規定した要求事項*d)製品及びサービスに適用される法令・規制要求事項*e)以前に提示されたものと異なる、 契約又は注文の要求事項*組織は、 契約又は注文の要求事項が以前に定めたものと異なる場合*には、 それが解決されていることを確実にしなければならない.*顧客がその要求事項を書面で示さない場合には、 組織は、 顧客要求*事項を受諾する前に確認しなければならない.*注記 インターネット販売などの幾つかの状況では、 注文ごとの*正式なレビューは実用的ではない。その代わりとして、レ*ビューには、カタログなどの、 関連する製品情報が合*まれ得る.*
8.2.8.1.1, 製品及びサービスに関する要求事項のレビュー一補足*組織は、 正式なレビューのための、 ISO 9001 の 8.2.3.1 に述べられて*いる要求事項に対する顧客が正式許可した免除の、 文書化した証拠を保持*しなければならない.*
8.2.8.1.2, 顧客指定の特殊特性*組織は、 特殊特性の指定、 承認文書及び管理に対する顧客要求事項に適*合しなければならない.*
8.2.3.1.3, 組織の製造フィージビリティ*組織は、 組織の製造工程が一貫して、 顧客の規定した全ての技術及び生*産能力の要求事項を満たす製品を生産できることが実現可能か否かを判定*するための分析を実施するために、 部門横断的アプローチナチを利用しなけれ*ばならない. 組織は、 このフィージビリティ分析を、 組織にとって新規の*製造技術又は製品技術に対して及び変更された製造工程又は製品設計に対*して実施しなければならない.*加えて、 組織は、 生産稼働.ベンチマーキングダグダ調査、 又は他の適切な方*法で、 仕様どおりの製品を要求さきれる速度で生産する能力の世当性確認を*行うことが望ましい.*
8.2.3.2, 組織は、 該当する場合には 必ず. 次の事項に関する文書*化した情報を保持しなければならない.*a)レビューの結果*b) 製品及びサービスに関する新たな要求事項*
8.2.4, 製品及びサービスに関する要求事項の変更*製品及びサービスに関する要求事項が変更されたときには、組織は、関連する文書化した情報を変更することを確実にしなければならない。*また、変更後の要求事項が、関連する人々に理解されていることを確実にしなければならない。*
8.3, 製品及びサービスの設計・開発*
8.3.1, 一般*組織は、 以降の製品及びサービスの提供を確実にするために適切な*設計・開発プロセスを確立し、 実施し、 維持しなければならない*
8.3.1.1, 製品及びサービスの設計・開発一補足*ISO 9001 の 8.3.1の有要求事項は、 製品及び製造工程の設計・開発に適*用し、 不具合の検出よりも不具合の予防を重視しなければならない.*組織は、 設計・開発プロセスを文書化しなければならない.*
8.3.2, 設計・開発の計画*設計・開発の段階及び管理を決定するに当たって、組織は、次の事項を考慮しなければならない。*a)設計・開発活動の性質、期間及び複雑さ*b)要求されるプロセス段階、これには適用される設計・開発のレビューを含む。*c)要求される、設計・開発の検証及び妥当性確認活動*d)設計・開発プロセスに関する責任及び権限*e)製品及びサービスの設計・ 開発のための内部資源及び外部資源の*必要性*f)設計・ 開発プロセスに関する人々の問のインタフェーズの管理*の必要性*g)設計・開発プロセスへの顧客及びユーザの参画の必要性*h)以降の製品及びサービスの提供に関する要求事項*i)顧客及びその他の密接に関連する利害関係者によって期待される、設計・開発プロセスの管理レベル*j)設計・開発の要求事項を満たしていることを実証するために必要な文書化した情報*
8.3.2.2, 製品設計の技能*組織は、 製品設計の責任を負う要員が、 設計要求事項を実現する力量*をもち、 適用きれるツール及び手法の技能をもつことを確実にしなければ*ならない. 組織は、 適用きれるツール及び手法を明確にしなければならな*い*注記 製品設計の技能の例の一つとして、デジタル化された数学的なデータの適用がある。*
8.3.2.8, 組込みソフトウェアをもつびつ製品の開発*組織は、 内部で開発された組込みソフトウェアをもつ製品に対する品質*保証のプロセモスを用いなければならない. ソフトウェア開発評価の方法論*を、 組織のソフトウェア開発プロセスを評価するために利用しなければな*らない. リスク及び顧客に及ぼす潜在的な影響に基づく優先順位付けを用*いて、 組織は、 ソフトウェア開発能力の自己評価の文書化した情報を保持*しなければならない.*組織は、ソフトウェア開発を内部監査プログラム (9.2.2.1 参照) の範*囲に含めなければならない.*
8.3.3, 設計・開発へのインプット*組織は、 設計・開発する特定の種類の製品及びサービスに不可欠な*要求事項を明確にしなければならない. 組織は、 次の事項を考慮しなければならない*a)機能及びパフォー マンスに関する要求事項*b)以前の類似の設計・開発活動から得られた情報*c)法令・規制要求事項*d)組織が実施することをコミットメントしている。標準又は規範 (codes of practice)*e)製品及びサービスの性質に起因する失敗により起こり起こり得る結果*インプットは、 設計・開発の目的に対して適切で、 漏れがなく、 暖*昧でないものでなければならない.*設計・開発へのインプット間の相反は、 解決しなければならない.*組織は、 設計・開発へのインプットに関する文書化した情報を保持*しなければならない.*
8.3.3.1, 製品設計へのインプット*組織は、 契約内容の確認の結果として、 製品設計へのインプット要求事*項を特定し、 文書化し、 レビューしなければならない. 製品設計へのイン*プット要求事項には、 次の事項を含める. しかし、 それに限定されない.*a)特殊特性 (8.3.3.3 参照) を含む。 しかし、 それに限定されない製品*仕様書*b)境界及びインタフェース要求事項*c)識別.、トレーサビリティ及び包装*d)設計の代替案の検討*e)インプット要求事項に伴うリスク及びリスクを緩和する/管理する組*織の能力の、 フィージビリティ分析の結果を含む評価*f)保存、 信頼性、 耐久性、 サービス性、 健康、 安全、 環境、 開発タイミ*ング及びコストを含む、 製品要求事項への適合に対する目標*g)顧客から提供きされた場合、 顧客指定の仕向国の該当する法令・規制要*求事項*h)組込みソフトウェア要求事項*組織は、 現在及び未来の類似するプロジェクトのために、 過去の設計プ*ロジェクト、 競合製品分析 (ベンチマーキング)、 供給者からのフィード*バック、 内部からのインプット、 市場データ及び他の関連する情報源から*得られた情報を展開するプロセスをもたなければならない.*注記 設計の代替案を検討する4アプローチの一つは、 トレードオフ曲*線の活用である.*
8.3.3.2, 製造工程設計へのインプット*組織は、 製造工程設計へのインプット要求事項を特定し、 文書化し、 レ*ビューしなければならない. これには次の事項を含めなければならない.*しかし、 それに限定されない.*a)特殊特性を含む、 製品設計からのアウトプットデータ*b)生産性、 工程能力.タイミング及びコストに対する有目標*c)製造技術の代替案*d)もしあれば、 顧客要求事項*e)過去の開発からの経験*f)新材料*g)製品の取扱い及び人間工学的要求事項*h)製造設計、 組立設計*製造工程設計には、 問題の大きさに対して適切な程度で、 遭遇するリス*クに見合う程度のポカヨケ手法の採用を含めなければならない.*
8.3.3.3, 特殊特性*組織は、 顧客によって決定された、 また組織によって実施きれたリスク*分析による特殊特性を特定するプロセスを確立し、 文書化し、 実施するた*に部門横断的アプローチを用いなければならない. それには次の事項を*含めなければならない.*a)図面 (必要に応じて)、 リスタク分析 (FMEA のような)、 コントロー*ルプラン及び標準作業作業者指示書における全ての特殊特性の文書*化. 特殊特性は、 固有の記号で識別され、 これらの各文書を通じて展*開される.*b)製品及び生産工程の特殊特性に対する管理及び監視戦略の開発*c)要求がある場合、 顧客規定の承認*d)顧客規定の定義及び記号、 又は記号変換表に定められた、 組織の同等*の記号若しくは表記法への適合. 記号変換表は、 要求されれば顧客に*提出しなければならない.*
8.3.4, 設計・開発の管理*組織は、次の事項を確実にするために、設計・開発プロセスを管理しなければならない。*a)達成すべき結果を定める*b)設計・開発の結果の、要求事項を満たす能力を評価するために、レビューを行う。*c)設計・開発からのアウトプットが、インプットの要求事項を満たすことを確実にするために、検証活動を行う。*d)結果として得られる製品及びサービスが、指定された用途又は意図された用途に応じた要求事項を満たすことを確実にするために、妥当性確認活動を行う。*e)レビュー、又は検証及び妥当性確認の活動中に明確になった問題に対して必要な処置をとる。*f)これらの活動についての文書化した情報を保持する*注記 設計・開発のレビュー、 検証及び妥当性確認は、 異なる目的をもつ. これらは、組織の製品及びサービスに応じた適*切な形で、 個別に又は組み合わせて行うことができる.*
8.3.4.1, 監視*製品及び工程の設計・開発中の規定された段階での測定項目を、 定め、*分析し、 そして、 その要約した結果をマネジメントレビューへのインプッ*トとして報告しなければならない (9.3.2.1 参照).*顧客に要求される場合、 製品及び工程の開発活動の測定項目は、 規定き*れた段階で顧客に報告する、 又は顧客に合意きれなければならない.*注記 必要に応じて、 測定項目には、 品質リスク、 コスト、 リードタ*イム、 クリティカルパス、 などの測定項目を含めてもよい.*
8.3.4.2, 設計・開発の妥当性確認*設計・開発の妥当性確認は、 該当する産業規格及び政府機関の発行する*規制基準を含む、 顧客要求事項に従って実行したなければならない. 設計・*開発の妥当性確認のタイミングは、 該当する場合には、 必ず、 顧客規定の*タイミングに合わせて計画しなければならない.*顧客との契約上の合意がある場合、 設計・開発の婦当性確認には、 顧客*最終製品のシステム内において、 組込みソフトウェアを含めて、 組織の*製品の相互作用の評価を含めなければならない.*
8.3.4.3, 試作プログラム*顧客から要求される場合、 組織は、 試作プログラム及び試作コントロー*ルプランをもたなければならない. 組織は、 可能な限り、 量産で採用する*同一の供給者、 治工具及び製造工程を使用しなければならない.*タイムリーな完了及び要求事項への適合のために、 全ての性能試験活動*を監視しなければならない.*これらの業務をアウトソースする場合、 組織は. アウトソースしたサ*ービスが要求事項に適合することを確実にするために、 管理の方式及び程*度を品質マネジメントシステムの適用範囲に含めなければならない (ISO*9001 の 8.4 参照) .*
8.8.4.4, 製品承認プロセス*組織は、 顧客に定められた要求事項に適合する、 製品及び製造の承認プ*ロセスを、 確立し、 実施し、 維持しなければならない.*組織は、 自らの部品承認を顧客に提出するのに先立って、 外部から提供*さきれる製品及びサービスを1SO 9001 の 8.4.3 によって承認しなければな*らない.*組織は、 顧客に要求される場合、 出荷に先立って、 文書化した顧客の製*品天認を取得しなければならない. そのような承認の記録は、 保持しなけ*ればならない.*注記 製品承認は、 製造工程が検証された後で実施することが望まし*い.*
8.3.5, 設計・開発からのアウトプット*組織は、  設計・開発からのアウトプットが、次のとおりであること*を確実にしなければならちない. |*a)インプットで与えられた要求事項を満たす.*b)製品及びサービスの提供に関する以降のプロセスに対して適切で*ある.*c)必要に応じて、 監視及び測定の要求事項、 並びに合否判定基準を*含むか、 又はそれらを参照している.*d)意図した目的並びに安全で適切な使用及び提供に不可欠な、 製品*及びサービスの特性を規定している.   [*組織は、 設計・ 開発のアウトブットについて、 支間化した情報を保持しなければならない。*
8.8.5.1, 設計・開発からのアウトプット一補足*製品設計からのアウトプットは、 製品設計へのインプット有要求事項と対*比した検証及び妥当性確認ができるように表現しなければならない. 製品*設計からのアウトプットには、 該当する場合には、 必ず、 次の事項を含め*なければならない. しかし、 それに限定されない.*a)設計リスク分析 (FMEA)*b)信頼性調査の結果*c)製品の特殊特性*d)DFSS、 DFMA 及びFTA のような、 製品設計のポカヨケの結果*e)3D モデル、 技術データパッケージ、 製品製造の情報及び幾何寸法と*公差 (GD&T) を含む、 製品の定義*f)2D 図、 製品製造の情報及び幾何寸法と公差 (GD&T)*g)製品デザインレビューの結果*h)サービス牙障診断の指針並びに修理及びサービス可能性の指示書*i)サービス部品要求事項*j) 出荷のための包装及びラベリング要求事項*注記 暫定設計のアウトプットには、 トレードオフプロセスを通じて*解決された技術問題を各めることが望ましい.*
8.3.5.2, 製造工程設計からのアウトプット*組織は、 製造工程設計からのアウトプットを、 製造工程設計へのインプ*ットと対比した検証ができるように文書化しなければならない. 組織は、*そのアウトプットを、 製造工程設計へのインプット要求事項と対比して検*証しなければならない. 製造工程設計からのアウトプットには、 次の事項*を含めなければならない. しかし、 それに限定されない.*a)仕様書及び図面*b)製品及び製造工程の特殊特性*c)特性に影響を与える、 工程インプット変数の特定*d)設備及び工程の能力調査を含む、 生産及び管理のための治工具及び設備*e)製品、 工程及び治工具のつながりを含む、 製造工程フローチャート/レイアウト*f) 生産能力の分析*g) 製造工程FMEA*h) 保全計画及び指示*i)コントロールプラン (附属書 A 参照)*j)標準作業及び作業指示書*k)工程承認の合否判定基準*l)品質、 信頼性、 保全性及び測定性に対するデータ*m)必要に応じて、 ポカヨケの特定及び検証の結果*n)製品/製造工程の不適合の迅速な検出 フィードバック及び修正の方法*
8.3.6, 設計・開発の変更*組織は、 要求事項への適合に影響を及ぼさない事を確実にする*ために必要な程度まで、製品及びサービスの設計・開発の間又はそれ*以降行われた変更を識別し、レビューし、管理しなければならない。*組織は次の事項に関する文書化した情報を保持しなければならない。*a)設計・開発の変更*b)レビューの結果*c)変更の許可*d)悪影響を防止するための処置*
8.3.6.1, 設計・開発の変更一補足*組織は、 組織又はその供給者から提案きれたものを含めて、 初回の製品*承認の後の全ての設計変更を、 取付時の合い、 形状、 機能、 性能及びン双*は耐久性に関する溶在的な影 衝し本仙導入層引m これら*の変更は、 生産で実施する前に、 孔客要求事項に対する妥当性確認を実施*して、 内部で承認しなければならない.*顧客から要求される場合、 組織は、 文書化した承認、 又は文書化した免*除を、 生産で実施する前に顧客から得なければならない.*組込みソフトウェアをもつ製品に対して、 組織は、 ソフトウェア及びハ*ドウェアの改訂レベルを変更記録の一部として文書化しなければならな*い.*
8.4, 外部から提供されるプロセス、 製品及びサービスの管理*
8.4.1, 一般*組織は、外部から提供きれるプロセス、製品及びサービスが、要求事項に適合していることを確実にしなければならない.*組織は、次の事項に該当する場合には、外部から提供きれるプロセス、製品及びサービスに適用する管理を決定しなければならない。*a)外部提供者からの製品及びサービスが、組織自身の製品及びサービスに組み込むことを意図したものである場合*b)製品及びサービスが、組織に変わって、外部提供者から直接顧客に提供される場合*c)プロセス又はプロセスの一部が、組織の決定の結果として、外部提供者から提供される場合.*組織は、要求事項に従ってプロセス又は製品・サービスを提供する外部提供者の能力に基づいて、外部提供者の評価 選択、パフォーマンスの監視、及び再評価を行うための基準を決定し、適用しなければならない. 組織は、これらの活動及びその評価によって生じる必要な処置について、文書化した情報を保持しなければならない.*
8.4.1.1, 一般一補足*組織は、サブアセンブリ、整列、選別、手直し及び校正サービスのような、 顧客要求事項に影響する全ての製品及びサービスを、外部から提供される製品、プロセス及びサービスの定義の範囲に含めなければならない.*
8.4.1.2, 供給者選定プロセス*組織は、文書化した供給者選定プロセスをもたなければならない. 選定プロセスには、次の事項を含めなければならない.*a)選定される供給者の製品適合性及び顧客に対する組織の製品の途切れない供給に対するリスクの評価*b)関連する品質及び納入パフォーマンス*c)供給者の品質マネジメントシステムの評価*d)部門横断的意思決定*e)該当する場合には、必ず、ソフトウェア開発能力の評価*ほかにも供給者の選定基準には、次の事項を考慮することが望ましい、*― 自動車事業の規模 (絶対値及び事業全体おける割合)*― 財務的安定性*― 購入される製品、材料、又はサービスの複雑さ*― 必要な技術 (製品又はプロセス)*― 利用可能な資源 (例 人材、インフラストラクチャ) の適切性*― 設計・開発の能力 (プロジェクトマネジメントを含む. )*― 製造の能力*― 変更管理プロセス*― 事業継続計画 (例 災害への準備 緊急事態対応計画)*― 物流プロセス*― 顧客サービス*
8.4.1.3, 顧客指定の供給者 (【指定購買】としても知られる)*顧客に規定された場合、組織は、製品、材料、又はサービスを顧客指定の供給者から購買しなければならない.*8.4 の全ての要求事項 IATF 16949 の 8.4.1.2 の要求事項を除く.)は、 組織と顧客との間で契約によって定められた特定の合意がない限り、組織の顧客指定の供給者の管理に対して、適用きれる.*
8.4.2, 管理の方式及び程度*組織は、外部から提供されるプロセス、製品及びサービスが、顧客に一貫して適合した製品及びサービスを引き渡す組織の能力に悪影響を及ぼさないことを確実にしなければならない。組織は、次の事項をお行わなければならない。*a)外部から提供さきれるプロセスを組織の品質マネジメントシステムの管理下にとどめることを確実にする。*b)外部提供者に適用するための管理、及びそのアウトプットに適用するための管理の両方を定める。*c)次の事項を考慮にいれる*1)外部から提供されるプロセス、製品及びサービスが、顧客要求事項及び適用される法令・規制要求事項を一貫して満たす組織の能力に与える潜在的な影響*2)外部提供者によって適用される管理の有効性*d)外部から提供さきれるプロセス、製品及びサービスが要求事項を満たすことを権実にするために必要な検証又はその他の活動を明確にする*
8.4.2.1, 管理の方式及び程度一補足*組織は、アウトソースしたプロセスを特定する、並びに、外部から提供される製品、プロセス及びサービスに対し、内部 (組織) 及び外部顧客の要求事項への適合を検証するために用いる管理の方式及び程度を選定する、文書化したプロセスをもたなければならない.*そのプロセスには、管理の方式及び程度を拡大する又は縮小する判断基準及び処置、並びに供給者のパフォーマンス、及び製品、材料又はサービスのリスクの評価に基づく開発活動を含めなければならない.*
8.4.2.2, 法令・規制要求事項*組織は、購入した製品、プロセス及びサービスが、受信国、出荷国及び顧客に特定された仕向国の現在該当する法令・規制要求事項が提供きれれば、その有要求事項に適合することを確実にするプロセスを文書化しなければならない.*顧客が、法令・規制要求事項をもつ製品に対して特別管理を定めているならば、組織は、供給者で管理する場合を含めて、定められたとおりに実施し、維持することを確実にしなければならない.*
8.4.2.3, 供給者の品質マネジメントシステム開発*組織は、自動車の製品及びサービスの供給者に、顧客による他の許可[例 下記のa)] がない限り、この自動車産業 QMS 規格に認証されることを最終的な目標として、ISO 9001 に認証された品質マネジメントシステムの開発、実施及び改善を要求しなければならない. この要求事項を達成するために、次の順序を適用することが望ましい. ただし、顧客によって他に規定されたときは、この限りではない.*a)第二者監査を通じた ISO 9001 に対する適合*b)第三者審査を通じたISO 9001 に対する認証. 顧客による他の規定がない限り、組織への供給者はISO 9001 に対する認証を実証しなければならない. 実証するには認証機関が主に対象としている範囲はISO/IEC 17021 へのマネジメントシステム認証が含まれるところで、正式に認められたIATF MLA (International Accreditation Forum Multilateral Recognition Arrangement) メンバーの認定マークをもつ認定機関が発行する第三者認証を維持する.*c)第二者監査を通じた、顧客が定めた他の QMS 要求事項 (例えばMinimum Automotive Quahty Management System Requirements for Sub-Tier Suppliers [MAQMSR] 又はそれに相当するもの) への適合を伴う ISO 9001 に対する認証*d)第二者監査を通じたIATF 16949 に対する適合を伴う ISO 9001 への認証*e)第三者審査を通じた IATF16949 に対する認証 (IATF が認めた認証機関による、 IATF 16949 への供給者の有効な第三者認証)*
8.4.2.3.1, 自動車製品に関係するソフトウェア又は組込みソフトウェアをもつ製品*組織は、自動車製品に関係するソフトウェアの供給者、又は組込みソフトウェアをもつ自動車製品の供給者に、その製品に対するソフトウェア品質保証のためのプロセスを実施し維持することを要求しなければならない.*ソフトウェア開発評価の方法論は、供給者のソフトウェア開発を評価するために活用しなければならない. リスク及び顧客へ及ぼす潜在的影響に基づく優先順位付けを用いて、組織は、供給者にソフトウェア開発能力の目己評価の文書化した情報を保持するよう要求しなければならない.*
8.4.2.4, 供給者の監視*組織は、外部から提供きれる製品、プロセス及びサービスの内部及び外部顧客の要求事項への適合を確実にするために、供給者のパフォーマンスを評価する文書化したプロセス及び判断基準をもたなければならない.*最低限、次の供給者のパフォーマンス指標を監視しなければならない.*a)納入された製品の要求事項への適合*b)構内保留及び出荷停止を含む、受入工場において顧客が被った迷惑*c)納期パフォーマンス*d)特別輸送費の発生件数*もし顧客から提供されれば、組織は、必要に応じて、次の事項も供給者パフォーマンスの監視に含めなければならない.*e)品質問題又は納期問題に関係する、特別状態の顧客からの通知*f)ディーラーからの返却、補償、市場処置及びリコール*
8.4.2.4.1, 第二者監査*組織は、供給者の管理方法に第二者監査プロセスを含めなければならな*い. 第二者監査は、次の事項に対して使用してもよい.*a)供給者のリスク評価*b)供給者の監視*c)供給者の QMS 開発*d)製品監査*e)工程監査*最低限、製品安全規制要求事項、供給者のパフォーマンス及び QMS*認証レベルを含む。リスク分析に基づいて、組織は、第二者監査の必要性、方式、頻度及び範囲を決定するための基準を文書化しなければならない.*組織は、第二者監査報告書の記録を保持しなければならない.*第二者監査の範囲が供給者の品質マネジメントシステムを評価する場合、その方法は自動車産業プロセスアプローチと整合性がとれていなければならない.*注記 手引は、IATF審査員ガイド及びISO 19011 に見いだすことができる.*
8.4.2.5, 供給者の開発*組織は、現行の供給者に対し、必要な供給者開発の優先順位、方式、程度及びタイミングを決定しなければならない. 決定をするためのインプットには次の事項を含めなければならない. しかし、それに限定されない.*a)供給者の監視 (8.4.2.4 参照) を通じて特定きされたパフォーマンス問題*b)第二者監査の所見 (8.4.2.4.1 参照)*c)第三者品質マネジメントシステム認証の状態*d)リスク分析*組織は、未解決 (未達) のパフォーマンス問題を解決するため及び継続的改善に対する機会を追求するために必要な処置を実施しなければならない.*
8.4.3, 外部提供者に対する情報*組織は、外部提供者に伝達する前に、要求事項が災当であることを確実にしなければならない.*組織は、次の事項に関する要求事項を、外部提供者に伝達しなけれ*ばならない.*a)提供されるプロセス、製品及びサービス*b)次の事項についての承認*1)製品及びサービス*2)方法、プロセス及び設備*3)製品及びサービスのリリース*c)人々の力量、これには必要な適格性を含む*d)組織と外部提供者との相互作用*e)組織が適用する、外部提供者のパフォーマンスの管理及び監視*f)組織又はその顧客が外部提供者先での実施を意図している検証又は妥当性確認活動*
8.4.3.1, 外部提供者に対する情報一補足*組織は、全ての該当する法令・規制要求事項、並びに製品及び工程の特殊特性を供給者に引き渡し、サプライチェーンをたどって、製造現場にまで、全ての該当する要求事項を展開するよう、供給者に要求しなければな*らない.*
8.5, 製造及びサービス提供*
8.5.1, 製造及びサービス提供の管理*組織は、 製造及びサービス提供を、管理された状態で実行しｈなけれ*ばならない. *管理された状態には、 次の事項のうち、 該当するものについては、*必ず、 含めなければならない。*a)次の事項を定めた文書化した情報を利用できるようにする.*1)製造する製品 提供するサービス又は実施する活動の特性*2)達成すべき結果*b)監視及び測定のための適切な資源を利用できるようにしつ、かつ、*使用する*c)プロセス又はアウトプットの管理基準、並びに製品及びさサービス*の合否判定基準を満たしていることを徐証するために、 適切な段*階で監視及び測定活動を実施する.*d)プロセスの運用のための適切なインフラストラクチャ及び環境を*使用する。*e)必要な適格性を含め、力量を備えた人々を任命する。*f)製造及びサービス提供のプロセスで、結果として生じるアウトプッ*トを、それ以降の監視又は測定で検証することが不可能な場合に*は、 製造及びサービス提供に関するプロセスの、計画した結果を*達成する能力について、妥当性確認を行い、定期的に妥当性を再*確認する。*g)ヒューマンエラーを防止するための処置を実施する。*h)リリース、顧客への引渡し及び引き渡し後の活動を実施する。*注記 適切なインフラストラクチャは、 製品の適合を確実にするため*に必要な、 適切な製造設備を含む. 監視及び測定のための資源*は、製造工程の効果的な管理を確実にするために必要な、適切な*監視及び測定設備を含む。*
8.5.1.1, コントロールプラン*組織は、 該当する製造サイト及び全ての供給する製品に対して、 コント*ロールプラン (附属書A に従って) を、 システム、 サブシステム、 構成*部品及びプ又は材料のレベルで、 部品だけではなくバルク材料を含めて、*策定しなければならない. ファミリーコントロールプランは、 バルク材料*及び共通の製造工程を使う類似の部品に対して容認される.*組織は、 量産試作及び量産に対して、 どのようにつながっているかを示*し (もし顧客から提供きれれば) 設計リスク分析からの情報や、 工程フロ*ー図及び製造工程のリスク分析のアウトプット (FMREA のような) から*の情報を反映する、 コントロールプランをもたなければならない.*組織は、 顧客から要求される場合、 量産試作又は量産コントロールプ*ランを実行したときに集めた測定及び適合データを顧客に提供しなければ*ならない. 組織は、 次の事項をコントロールプランに含めなければならな*作業の段取り替え検証を含む、 製造工程の管理に使用さきれる管理手段*b)該当する場合には、 必ず、 初品の終品の妥当性確認*c)顧客及び組織の双方で定められた、 特殊特性に施される管理の監視方*法 (附属書A 参照)*d)もしあれば、 顧客から要求される情報*e)不適合製品が検出された場合、 工程が統計的に不安定又は統計的に能*力不足になった場合の、 規定された対応計画 (附属書 A 参照)*組織は、 次の事項が発生した場合、 コントロールプランをレビューレし、*必要に応じて更新しなければならない.*f)不適合製品を顧客に出荷したと組織が判断した場合*g)製品 製造工程、 測定、 物流、 供給元、 生産量変更、 又はリスク分析*(FMEA) に影響する、 変更が発生した場合 (附属書 A 参照)*h)該当する場合には、 必ず、 顧客苦情及び関連する基正処置が実施きれ*た後*i)リスク分析に基づく、 設定された頻度で*顧客に要求されれば、 組織は、 コントロールプランのレビュー又は改訂*の人後で、 顧客の承認を得なければならない.*
8.5.1.2, 標準作業一作業者指示書及び目視標準*組織は、 標準作業文書が次のとおりであることを確実にしなければなら*ない.*a)作業を行う責任をもつ従業員に伝達され、 理解される.*b)読みやすい.*c)それに従う責任のある要員に理解される言語で提供する.*d)指定された作業現場で利用可能である.*標準作業文書には、 作業者の安全に対する規則も、 含めなければならな*い.*
8.5.1.3, 作業の段取り替え検証*組織は、 次の事項を実施しなければならない.*a)作業の立上げ、 材料切替え、 又は作業変更のような新しい段取り替え*が実行きれる場合は、 作業の段取り堆えを検証する.*b)段取り替え要員のために文書化した情報を維持する.*c)該当する場合には、 必ず、 検証に統計的方法を使用する.*d)該当する場合には、 必ず、 初品/終品の婦当性確認を実施する. 必要*に応じて、 初品は終品との比較のために保持し、 終品は次の工程稼働*まで保持することが望ましい.*e)段取り替え及び初品/終品の妥当性確認後の工程及び製品承認の記録*を保持する.*
8.5.1.4, シャットダウン後の検証*組織は、 計画的又は非計画的シャットダウン後に、 製品が要求事項に*適合することを確実にするのに必要な処置を定め、 実施しなければならない.*
8.5.1.5, TPM (Total productive maintenance)*組織は、 文書化した TPM システムを構築し、 実施し、 維持しなければ*ならない.*そのシステムには、 最低限、 次の事項を含めなければならない.*a)要求きれた量の適合製品を生産するために必要な工程設備の特定*b)a)で特定された設備に対する交換部品の入手性*c)機械、 設備及び施設の保全のための資源の提供*d)設備、 治工具及びゲージの包装及び保存*e)該当する顧客固有要求事項*f)文書化した保全目標。 例えば、 OEE (総合設備効率)、 MTBF (平*均故障間隔) 及び MTTR (平均修理時間)、 並びに了予防保全の順守*指標保全目標に対するパフォーマンスは、 マネジメントレビュー*(ISO 9001 の 9.3 参照) へのインプットとしなければならない.*g)目標が未達であった場合の、 保全計画及び目標。並びに基正処置に取*り組む文書化した処置計画に関する定期的レビュー*h)予防保全の方法の使用*i)該当する場合には、 必ず、 予知保全の方法の使用*j)定期的オーバーホール*
8.5.1.6, 生産治工具並びに製造、 試験、 検査の治工具及び設備の運用管理*組織は、 該当する場合には、 必ず、 生産及びサービス用材料並びにバル*ク材のための治工具及びゲージの設計、 製作、 及び検証活動に対して資源*を提供しなければならない.*組織は、 次の事項を含む、 組織所有又は顧客所有の生産治工具であって*も、 これらの運用管理システムを確立し、 実施しなければならない.*a)保全及び修理用施設並びに要員*b)保管及び補充*c)段取り替え*d)消耗する治工具の交換プログラム*e)製品の技術変更レベルを含む、 治工具設計変更の文書化*f)治工具の改修及び文書の改訂*g)シリアル番号又は資産番号のような、 生産中、 修理中又は廃却のよう*な状況、 所有者及び場所に関する治工具の識別*組織は、 顧客所有の治工具、 製造設備及び試験検査設備に、 所有権及*び各品目の適用が明確になるように、 見やすい位置に恒久的マークが付い*ていることを検証しなければならない.*組織は、 作業がアウトソースされる場合、 これらの活動を監視するシス*テムを実施しなければならない.*
8.5.1.7, 生産計画*組織はジャストインタイム(JIT)のような顧客の注文/需要を満たすために*生産が計画されていること及び工程の重要なところで生産情報に*アクセスできるようにする情報システムによってサポートされていること、*並びに発注・受注を中心とされていることを確実にしなければならない。*組織は、生産計画中に、関連する計画情報、例えば、顧客注文、供給者オンタイム納入パフォーマンス、*生産能力、共通の負荷(複数部品加工場)、リードタイム、在庫レベル、予防保全及び校正をふくめなければならない。*
8.5.2, 識別及びトレーサビリティー*製品及びサービスの適合を確実にするために必要な場合、組織は、アウトプットを識別するために、適切な手段を用いなければならない。*組織は、 製造及びサービス提供の全過程において、 監視及び測定の*要求事項に関連して.アウトプットの状態を識別しなければならない.*トレーサビリティが要求事項となっている場合には、 組織は、 アウ*トプットについて一意の識別を管理し、 トレーサビリティを可能とす*るために必要な文書化した情報を保持しなければならない.*注記 検査及び試験の状態は、 自動化された製造搬送工程中の材料の*ように本質的に明確である場合を除き、 生産フローにおける製*品の位置によっては示されない. 状態が明確に識別され、 文書*化きれ、 規定された目的を達成するならば、 代替手段が認めら*れる.*
8.5.2.1, 識別及びトレーサビリティー補足*トレーサビリティの目的は、 顧客が受け入れた製品、 又は市場におい*品質及びバ又は安全関係の不適合を含んでいる可能性がある製品に対し*て、 開始、 停止時点を明確に特定することを支援するためにある. したが*って、 組織は、 識別及びトレーサビリティのプロセスをト記に記載されて*いるとおりに実施しなければならない.*組織は、 全ての自動車製品に対して、 従業員、 顧客及び消費者に対する*リスクのレベル又は夏障の重大性に基づいて、 トレーサビリティ計画の評*定及び文書化を含めて、 内部、 顧客及び規制のトレーサビリティ有要求事項*の分析を実施しなければならない. その計画は、 製品、 プロセス及び製造*場所ごとに、 適切なトレーサビリティシステム、 プロセス及び方法を、 次*のようになるように、 定めなければならない、.*a)組織が、不適合製品及び又は疑わしい製品を識別できるようにする.*b)組織が、不適合製品及び又は疑わしい製品を分別できるようにする.*c)顧客及び又は規制の対応時間の要求事項を満たす能力を確実にする.*d)組織が対応時間の要求事項を満たむするようにできる様式 (電子版、 印*軸版。 保管用) で文書化した情報を保持することを確実にする.*e)顧客又は規制基準によって規定されている場合、 個別製品のシリアル*化きされた識別を確実にする.*f)識別及びトレーサビリティ要求事項が、 安全規制特性をもつ、 外部*から提供される製品に拡張適用することを確実にする.*
8.5.3, 顧客又は外部提供者の所有*組織は 顧客又は外部提供者の所有物について、それが組織の管理*下にある間、 又は組織がそれを使用している間は、 注意を払わなけれ*ばならない.                         |*組織は、 使用するため又は製品及びサービスに組み込むために提供*された雄客又は外部提供者の所有物の識別 検証及び保護・ 防護を実施*しなければならない。*顧客若しくは外部提供者の所有物を紛失若しくは損傷した場合、又は*その他これらが使用に適さないと判断した場合には、組織は、その*旨を顧客駐は外部提供者に報告し、 発生した事柄について文書化した*情報を保持しなければならない.*注記 顧客又は外部提供着の所有物には、 材料、部品、道具、設備、*施設、 知的財産、 個人情報などが含まれ得る.*
8.5.4, 保存*組織は、 製造及びサー ビス提供を行   要求事項への適合を確実*にするために必要な程度に、アウトプットを保存しなければならない.*注記 保存に関わる考慮事項には、 識別、 取扱い。 汚染防止。包*装、 保管、 伝送又は輸送、及び保護が含まれ得る.*
8.5.4.1, 保存一補足*保存に関わる考慮事項には、 識別 取扱い、 汚染防止、 包装、 保管、伝*送又は輸送及び保護を含めなければならない.*保存は、 外部及び又は内部の提供者からの材料及び構成部品に、 受1*から加工を通じて、 顧客による納入/受入れまでを含めて、 適用しなけれ*ばならない.*劣化を検出するために、 組織は、 保管中の製品の状態、 保管容器の場所*グ方式及び保管環境を、 適切に予定された間隔で評価しなければならない.*組織は、 在庫回転時間を最適化するため及び 【先入れ先出し】(FIFO)*のような、 在庫の回転を確実にするために、 在庫管理システムを使用しな*ければならない.*組織は、 旧式となった製品は、 不適合製品と同様な方法で管理すること*を、 確実にしなければならない.*組織は、 顧客から提供された、 保存、 包装、 出荷及びラベリング要求事*項に適合しなければならない.*
8.5.5, 引渡し後の活動*組織は、 製品及びサービスに関連する引渡し後の活動に関する要求*事項を満たきなければならない.*要求される引渡し後の程度を決定するに当たって 組織は、*次の事項を考慮しなければならない。*a)法令・規制要求事項*b)製品及びサービスに関連して起こり得る望ましくない結果*c)製品及びサービスの性質、用途及び意図した耐用期間*d)顧客要求事項*e)顧客からのフィードパック*注記 引渡し後の活動には、契約条項(warranty provisions)*メンテナンスサービスのような契約機部、及びリサイクル*又は最終廃棄のような付帯サービスの下での活動が含まれ*得る.*
8.5.5.1, サービスからの情報のフィードバック*組織は、 製造、 材料の取扱い、 物流、 技術及び設計活動へのサービスの*懸念事項に関する情報を伝舌するプロセスを確立し、 実施し、 維持するこ*とを確実にしなければならない.*注記1 この箇条に 【サービスの懸念事項】を追加する意図は、 顧客*のサイト又は市場で特定される可能性がある、 不適合製品*及び不適合材料を組織が認識することを確実にするためであ*る.*注記2 【サービスの懸念事項】に、 該当する場合には、 必ず、 市場*不具合の試験解析 (10.2.6 参照) の結果を含めることが過*ましい.*
8.5.5.2, 顧客とのサービス契約*顧客とのサービス契約がある場合、 組織は次の事項を実施しなければな*らない.*a)関連するサービスセンターが、 該当する要求事項に適合することを検*証する.*b)特殊目的治工具又は測定設備の有効性を検証する.*c)全てのサービス要員が該当する要求事項について教育訓練されている*ことを確実にする.*
8.5.6, 変更の管理*組織は 製造又はサービス提供に関する変更を、要求事項への継続*的な適合を確実にするために必要な程度までレビューし、管理しな*ければならない.*組織は、 変更のレビューの結果、変更を正式に許可した人(又は*人々) 及びレビューから生じた必要な処置を記載した、 文書化した情*報を保持しなければならない.*
8.5.6.1, 変更の管理一補足*組織は、 製品実現に影響する変更を管理し対応する、 文書化したプロセ*スをもたなければならない. 組織、 顧客. 又は供給者に起因する変更を含*変更の影響を評価しなければならない.*は 次の事項を実施しなければならない.*a)顧客要求事項への適合を確実にするための検証及び妥当性確認の活動*を定める.*b)実施の前に変更の妥当性確認を行う.*c)関係するリスク分析の証拠を文書化する.*d)検証及び妥当性確認の記録を保持する.*供給者で行う変更を含めて、 変更は、 製造工程に与える変更の影響の妥*当性確認を行うために、 その変更点 (部品設計、 製造場所、 又は製造工程*の変更のような) の検証に対する生産トライアル稼働を要求することが望*ましい.*顧客に要求される場合、 組織は、 次の事項を実施しなければならない.*e)直近の製品承認の後の、 計画した製品実現の変更を顧客に通知する.*f)変更の実施の前に、 文書化した承認を得る.*g)生産トライアル稼働及び新製品の妥当性確認のような、 追加の検証又*は識別の要求事項を完了する.*
8.5.6.1.1, 工程管理の一時的変更*組織は、 検査、 測定、 試験及びポカヨケ装置を含む、 工程管理のリスト*を特定し、 文書化し、 維持しなければならない. そのリストには、 当初の*工程管理及び承認されたバックアップ又は代丈方法を含める.*組織は、 代替管理方法の使用を運用管理するプロセスを文書化しなけれ*ばならない. 組織は、 このプロセスに、 リスク分析 (FMEAのような)*に基づいて、 重大性及び代替管理方法の生産実施の前に取得する内部承認*を含めなければならない.*代替手法を使用して、 検査され又は試験された製品の出荷の前に、 要求*される場合、 組織は、 顧客の承認を取得しなければならない. 組織は、 コ*ントロールプランに引用され、 承認された代替工程管理方法のリストを、*維持し、 定期的にレビューしなければならない.*標準作業指示書は、 各代替工程管理方法に対して利用可能でなければな*らない. 組織は、 コントロールプランに定められた標準工程に可及的速や*かに復帰することを日標とする、 標準作業の実施を検証するために、 代共*工程管理の運用を、 最低限、 日常的にレビューしなければならない. 方法*例には次の事項を含める. しかし、 それに限定されない.*a)日常的品質重視監査(例 該当する場合には、 必ず、 階層別工程監査)*b) 日常的リーダーシップ会議*重大性によって定められている期間及びポカヨケ装置又は工程の全ての*機能が有効に復帰しているとの確認に基づいて、 再稼働検証を文書化する.*組織は、 代替工程管理装置又は工程が使用されていた間、 生産された全*ての製品に対しトレーサビリティを実施しなければならない (例 シフト*ごとに得られた初品及び終品の検証及び保管).*
8.6, 製品及びサービスのリリース*製品及びサービスの要求事項を満たしていることを検証す*るために、適切な段階において、計画した取決めを実施しなければな*い。*計画した取決めが問題なく完了するまでは、顧客への製品及びサービス*のリリースを行ってはならない.ただし、当該の権限を持つ者が*承認し、かつ、顧客が承認した場合には*この限りではない。*組織は、 製品及びサービスのリリースについて文書化した情報を保*持しなければならない. これには、次の事項を含まなければならない.*a)合否判定基準の適合の証拠*b)リリースを正式に許可した人 (又は人々) に対するトレーサビリ*ティ*
8.6.1, 製品及びサービスのリリースー-補足*組織は、 製品及びサービスの有要求事項が満たされていることを検証する*ための計画した取決めが、 コントロールプランを網維し、 かつ、 コントロ*ールプラン (附属書A 参照) に規定されたように文書化らきれていること*を確実にしなければならない.*組織は、 製品及びサービスの初回リリースに対する計画した取決めが、*製品又はサービスの上承認を綱維することを確実にしなければならない.*組織は、 製品又はサービスの上承認が、 ISO 9001 の 8.5.6 に従って、 初*回リリースに引き続く変更の後に遂行きれることを確実にしなければなら*ない.*
8.6.2, レイアウト検査及び機能試験*レイアウト検査、 並びに該当する顧客の材料及び性能の技術規格に対す*る機能検証は、コントロールプランに規定されたとおり、 各製品に対して*実行されなければならない. その結果は、 顧和容がレビューのために利用で*きなければならない.*注記1 レイアウト検査は、 設計記録に示される全ての製品寸法を完*全に測定することである.*注記2 レイアウト検査の頻度は、 顧客によって決定される.*
8.6.3, 外観品目*【外観品目】として顧客に指定された組織の製造部品に対して、 組織*は、 次の事項を提供しなければならない.*a)照明を含む、 評価のための適切な資源*b)必要に応じて、 色、 絞、 光沢、 金属性光沢、 風合い、 イメージの明瞭*き (DOI) のマスター及び触覚技術*c)外観マスター及び評価設備の保全及び管理*d)外観評価を実施する要員が力量をもちそれを実施する資格をもってい*ることの検証*
8.6.4, 外部から提供される製品及びサービスの検証及び受入れ*組織は、 次の方法を一つ以上用いて、 外部から提供きれるプロセス、 製*品及びサービスの品質を確実にするプロセスをもたなければならない.*a)供給者から組織に提供された統計データの受領及び評価*b)パフォーマンスに基づく抜取検査のような、 受入検査及び叉は試験*c)受入れ可能な納入製品の要求事項への適合の記録を伴う場合、 供給者*のサイトの第二者若しくは第三者の評価又は監査*d)指定された試験所による部品評価*e)顧客と合意した他の方法*
8.6.5, 法令・規制への適合*自社の生産フローに外部から提供きれる製品をリリースする前に、 組織*は、 外部から提供されるプロセス、 製品及びサービスが、 製造きれた国及*び提供されれば顧客指定の仕向国における最新の法令、 規制及び他の要求*事項に適合していることを確認し、 それを証明する証拠を提供できなけれ*ばならない.*
8.6.6, 合否判定基準*合否判定基準は、 組織によって定められ、 必要に応じて双は要求があ*る場合、 顧客に承認されなければならない. 抜取りで得られた計数データ*の合厨判定水準は。 不良ゼロ (ゼロ・デイィフェクト) でなければならない*(9.1.1.1 参照).*
8.7, 不適全アウトプットの管理*
8.7.1, 組織は、要求事項に適合しないアウトプットが誤って使用さ*れること又は引き渡されることを防ぐために、それらを識別し、管理*することを確実にしなければならない。*組織は 不適合の性質、並びにそれがサービスの適合に与*える影響に基づいて、 適切な処置をとらなければならない。 これは、*製品の引渡し後、 サービスの提供中又は提供後に検出された、 不適合*な製品及びサービスにも適用きれなければならない.*組織は、 次のーつ以上の方法で、 不適合なアウトプットを処理しな*ければならない.*a)修正*b)製品及びサービスの分離、 散逸防止、 返却又は提供停止*c)顧客への通知*d)特別採用による受入の正式な許可の取得*不適合なアウトプットに修正を施したときには、要求事項への適合を検証しなければならない。*
8.7.1.1, 特別採用に対する顧客の正式許可*組織は、 製品又は製造工程が現在承認されているものと異なる場合は常*に、 その後の処理の前に顧客の特別採用又は逸脱許可を得なければならない.*組織は、 不適合製品の【現状での使用】及び手直しをする処置について*以降の処理を進める前に顧客の正式許可を受けなければならない. もし構*成部品が製造工程で再使用きれる場合は、 その構成部品は、 特別採用又は*逸脱許可によって、 明確に顧客に伝舌しなければならない.*組織は、 特別採用によって正式許可された満了日又は数量の記録を維持*しなければならない. 組織は、 正式許可が満了となったときには、 元の又*は置き換わった新たな仕様書及び要求事項に適合していることを確実にし*なければならない. 特別採用として出荷される材料は、 各出荷容器上で適*切に識別きれなければならない (これは、 購入きれた製品にも等しく適用*する.). 組織は供給者からの要請に対して、 顧客に提出する前に、 承認し*なければならない.*
8.7.1.2, 不適合製品の管理一顧客規定のプロセス*粗織は、 不適合製品に対して該当する顧客規定の管理に従わなければな*らない.*
8.7.1.3, 疑わしい製品の管理*組織は、 未確認の又は疑わしい状態の製品を、 不適合製品として分類し*管理することを確実にしなければならない. 組織は、 全ての適切な製造要*員が、 疑わしい製品及び不適合製品の封じ込めの教育訓練を受けることを*確実にしなければならない.*
8.7.1.4, 手直し製品の管理*組織は、 製品を手直しする判断の前に、 手直し工程におけるリスクを評*価するために、 リスク分析 (FMEA のような) の方法論を活用しなけれ*ばならない. 顧客から要求される場合、 組織は、 製品の手直しを開始する*前に、 顧客から承認を取得しなければならない.*組織は、 コントロールプラン又は他の関連する文書化した情報に従っ*て、 原仕様への適合を検証する手直し確認の文書化したプロセスをもたな*ければならない.*再検査及びトレーサビリティ要求事項を含む、 分解又は手直し指示書*は、 適切な要員がアクセスでき、 利用できなければならない.*組織は、 量、 処置、 処置日及び該当するトレーサビリティ情報を含め*て、 手直しした製品の処置に関する文書化した情報を保持しなければなら*ない.*
8.7.1.5, 修理製品の管理*組織は、 製品を修理する判断の前に、 修理工程におけるリスクを評価す*るために、 リスク分析 (FMEA のような) の方法只を活用しなければな*らない. 組織は、 製品の修理を開始する前に、 顧客から承認を取得しなけ*ればならない.*組織は、 コントロールプラン又は他の関連する文書化した情報に従っ*て、 修理確認の文書化したプロセスをもたなければならない.*再検査及びトレーサビリティ要求事項を含む、 分解又は修理指示書は*適切な要員がアクセスでき、 利用できなければならない.*組織は、 修理される製品の特別採用について、 文書化した顧客の正式許*可を取得しなければならない.*組織は、 量、 処置、 処置日及び該当するトレーサビリティ情報を含めて、*修理した製品の処置に関する文書化した情報を保持しなければならない.*
8.7.1.6, 顧客への通知*不適合製品が出荷きれた場合には、 顧客に対して速やかに通知しなけれ*ばならない. 初回の伝達に引き続き、 その事象の詳細な文書を提供しなけ*ればならない.*
8.7.1.7, 不適合製品の廃棄*組織は、 手直し又は修理できない不適合製品の廃棄に関する文書化した*プロセスをもたなければならない. 要求事項を満たさない製品に対して、*組織は、 スクラップされる製品が廃棄の前に使用不可の状態にきれている*ことを検証しなければならない.*組織は、 事前の顧客承認なしで、 不適合製品をサービス又は他の使用に*流用してはならない.*
8.7.2, 組織は、次の事項を満たす文書化した情報を保持しなければならない*a)不適合が記載されている*b)とった処置が記載されている*c)取得した特別採用が記載されている*d)不適合に関する処置について決定する権限をもつ者を特定している*
9, パフォーマンス評価*
9.1, 監視、測定、分析及び評価*
9.1.1, 一般*組織は、次の事項を決定しなければならない。*a)監視及び測定が必要な対象*b)妥当な結果を確実にするために必要な、 監視、測定、分析及び評*価の方法*c)監視及び測定の実施時期*d)監視及び測定の結果の、 分析及び評価の時期*組織は、品質マネジメントシステムのパフォーマンス及び有効性を*評価しなければならない。*組織は、この結果を証拠として、適切な文書化した情報を保持しな*ければならない。*
9.1.1.1, 製造工程の監視及び測定*組織は、 全ての新規製造工程 (組立又は整列を含む.) に対して、 工程*能力を検証し、 特殊特性の管理を含む工程管理への追加インプットを提供*するために、 工程調査を実施しなければならない.*注記 製造工程ににっては、 工程能力を通じて製品適合を実証するこ*とができない場合がある. それらの工程に対しては、 仕様書に*対する一括適合のような代替の方法を採用してもよい.*組織は、 顧客の部品承認プロセス要求事項で規定された製造工程能*(Cpk)※ 又は製造工程性能 (Ppk)の結果を維持しなければならない. 組織*は、 工程フブロー図、 PFMEA 及びコントロールプランが実施さきれることを*確実にしなければならない. これには次の事項の順守を含めなければなら*ない.*a)測定手法*b)抜取計画*c)合否判定基準*d)変数データに対する実際の測定値及び又は試験結果の記録*e)合否判定基準が満たされない場合の対応計画及び上申プロセス*治工具の変更 機械の修理のような工程の重大な出来事は、 文書化した*情報として記録し保持しなければならない.*組織は、 統計的に能力不足又は不安定のいずれかである特性に対して、*コントロールプランに記載されている、 仕様への適合の影響が評価された*対応計画を開始しなければならない. 対応計画には、 必要に応じて、 製品*の封じ込め及び全数検査を信めなければならない. 工程が安定し、 統計的*に能力をもつようになることを確実にするために、 特定の処置、 時期及び*担当責任者を規定する涯正処思計画を策定し実施しなければならない. こ*の計画は、 要求される場合、 顧客とともにレビューし承認を得なければな*らない.*組織は、 工程変更の実効日付の記録を維持しなければならない.*-----------------------------------------*※( ) 内の記号は、 AIAG 承認のもと、 日本語版にのみ加筆したものである.*
9.1.1.2, 統計的ツールの特定*粗織は、 統計的ツールの適切な使い方を決定しなければならない. 組*織は、 適切な統計的ツールが先行製品品質計画 (又はそれに相当する) プ*ロセスの一部として含まれていること、 かつ、 設計リスク分析 (DFMEA*のような) (該当する場合には、 必ず)、 工程リスク分析 (PFMEA のよう*な) 及びコントロールプランに含まれていることを検証しなければならな*い*
9.1.1.3, 統計概念の適用*ばらつき、 管理 (安定性)、 工程能力及び過剰調整によって起きてしま*う 結果のような統計概念は、 統計データの収集、 分析及び管理に携わる従*業員に理解され、 使用きれなければならない.*
9.1.2, 顧客満足*組織は、顧客ニーズ及び期待が満たされている程度について、顧客*がどのように受け止めているかを監視しなければならない。組織*は、この情報の入手、監視及びレビューの方法を決定しなければ*ならない。*注記 顧客の受け止め方の監視には、例えば、顧客調査、提供した製品*及びサービスに関する顧客からのフィードバック、顧客との会合、市場シェアの分析、顧客からの賛辞、補償請求及びディーラー報告が含まれ得る。*
9.1.2.1, 顧客満足一補足*製品及びプロセスの仕様書及び他の顧客要求事項への適合を確実にする*ために、内部及び外部の評価指標の継続的評価を通じて、 組織に対する顧*客満足を監視しなければならない.*パフォーマンス指標は、 客観的証拠に基づき、 次の事項を含めなければ*ならない. しかし、 それに限定さきれない.*a)納入した部品の品質パフォーマンス*b)顧客が被った迷惑*c)市場で起きた回収.リコール、 補償 (該当する場合には、 必ず)*d)納期パフォーマンス (特別輸送費が発生する不具合を含む. )*e)品質又は納期間題に関する、 特別状態を含む、 顧客からの通知*組織は、製品品質及びプロセス効率に対する顧客要求事項への適合を実*証するために、 製造工程のパフォーマンスを監視しなければならない. 監*視には、提供される場合、オンライン顧客ポータル及び顧客スコアカード*を含む、 顧客パブフォーマンスデータのレビューを含めなければならない.*
9.1.3, 分析及び評価*組織は、 監視及び測定からの適切なデータ及び情報を分析し、評価*しなければならない.*分析の結果は、 の天を評価するために用いなければならない。*a)製品及びサービスの適合*b)願客満足度*c)品質マネジメントシステムのパフォーマンス及び有効性*d)計画が効果的に実施されたかどうか*e)リスク及び機会への取組みの有効必*f)外部提供者のパフォーマンス*g)品質マネジメントシステムの改善の必要性*注記 データを分析する方法には、 統計的手法が含まれ得る.*
9.1.3.1, 優先順位付け*品質及び運用パフォーマンスの傾向は、 目標への進展と比較し、 顧客*満足を改善する処置の優先順位付けを支援する処置を導かなければならな*い.*
9.2, 内部監査*
9.2.1, 組織は、 品質マネジメントシステムが次の状況にあるか否か*に関する情報を提供するために、 あらかじめ定めた間隔で内部監査を*実施しなければならない.      TI*a)次の事項に適合している.   1*1)品質マネジメントシステムに関して、組織自体が規定した要求事項*2)この規格の要ま事項*b)有効に実施され、維持されている.*
9.2.2, 組織は、 次に示す事項を行わかなければならない.*a) 頻度、 方法、 責任計画要求事項及び報告を含む監査プログラ*ムの計画、 確立、 実施及び維持. 監査プログラムは、 関連するプ*ロセスの重要性、 組織に影響を及ぼす変更、 及び前回までの監査*の結果を考慮に入れなければならない.*b)各監査について、 監査基準及び監査範囲を定める.*c)監査プロセスの客観性及び公平性を確保するために、監査人を選定し、監査を実施する。*d)監査の結果を関連する管理層に報告することを確実にする*e)遅滞なく、適切な修正を行い、是正処置をとる。*f)監査プログラムの実施及び監査結果の証拠として、文書化した情報を保持する。*注記：手引きとして JIS Q 19011 を参照*
9.2.2.1, 内部監査プログラム*組織は、 文書化した内部監査プロセスをもたなければならない. そのプ*ロセスには、 品質マネジメントシステム監査、 製造工程監査及び製品監査*を含む、 品質マネジメントシステム全体を綱維する内部監査プログラムの*策定及び実施を含めなければならない.*監査プログラムは、 リスク、 内部及び外部パフォーマンスの傾向及びプ*ロセスの重大性に基づいて優先付けしなければならない.*組織がソフトウェア開発の南任がある場合、 組織は. ソフトウェア開発*能力評価を監査プログラムに含めなければならない.*プロセス変更、 内部及び外部不適合、 並びに秩客苦情に基づいて、 監査*頻度をレビューし、 必要に応じて、 調整しなければならない. 監査プログ*ラムの有効性は、 マネジメントレビューの一部としてレビューしなければ*ならない.*
9.2.2.2, 品質マネジメントシステム監査*組織は、 この自動車産業 QMS 規格への適合を検証するために、 プロセ*スアプローチを使用して、 各3暦年の期間、 年次プログラムに従って、*全ての品質マネジメントシステムのプロセスを監査しなはければならない.*それらの監査に統合させて、 組織は、 顧客固有の品質マネジメントシステ*ム 要求事項が、 効果的に実施ほきれているかをサンプリング確認しなければ*ならない.*
9.2.2.3, 製造工程監査*粗織は、 製造工程の有効性及び効率を判定するために、 各8暦年の期*間、 工程監査のための顧客固有に要求される方法を使用して、 全ての製造*工程を監査しなければならない. 顧客によって定められていない場合、 組*織は、 使用する方法を決めなければならない.*個別の各監査計画の中で、 各製造工程は シフト引継ぎの適切なサンプ*リングを含めて、 それが行われている全てのシフトを監査しなければなら*ない.*製造工程監査には、工程リスク分析(PFMEAのような)、コントロールプラン及び関連文書が効果的に実施されているかの監査を含めなければならない。*
9.2.2.4, 製品監査*組織は、 規定要求事項への適合を検証するために、 顧客固有の要求きされ*る方法を使用して、 生産及び引渡しの適切な段階で、 製品を監査しなけれ*ばならない. 顧客によって定められていない場合、 組織は、 使用する方法*を定めなければならない.*
9.3, マネジメントレビュー*
9.3.1, 一般*トップマネジメントは、 組織の品質マネジメン ントシステムが、引き*続き、適切、妥当かつ有効で更に組織の戦略的な方向性と一致してい*ることを確実にするために、あらかじめ定めた間隔で、品質マネジメント*システムをレビューしなければならない。*
9.3.1.1, マネジメントレビュー一補足*マネジメントレビューは、 少なくとも年次で実施しなければならない.*品質マネジメントシステム及びパフォーマンスに関係する問題に影響する*内部又は外部の変化による顧客要求事項への適合のリスクに基づいて、 マ*ネジメントレビューの頻度を増やさなければならない.*
9.3.2, マネジメントレビューへのインプット*マネジメントレビューは、次の事項を考慮して計画し、実施しなけれ*ばならない*a)前回までのマネジメントレビューの結果とった処置の状況*b)品質マネジメントシステムに関連する外部及び内部の課題の変化*c)次に示す傾向を含めた、品質マネジメントシステムのパフォーマ*ンス及び有効性に関する情報*1)顧客満足及び密接に関連する利害関係者からのフィードバック*2)品質目標が満たされている程度*3)プロセスのパフォーマンス、並びに製品及びサービスの適合*4)不適合及び是正処置*5)監視および測定の結果*6)監視結果*7)外部提供者のパフォーマンス*d)資源の妥当性*e)リスク 及び機会への取組みの有効性 (6.1 参照)*f)改善の機会*
9.3.2.1, マネジメントレビューへのインプット-補足*マネジメントレビューへのインプットには、 次の事項を含めなければな*らない.*a)品質不良コスト (内部不適合及び外部不適合のコスト)*b)プロセスの有効性の対策*c)プロセスの効率の対策*d)製品適合性*e)現行の運用の変更及び新規施設又は新規製品に対してなされる製造フ*ィージビリティ評価 (7.1.3.1 参照)*f)顧客満足 (ISO 9001 の 9.1.2 参照)*g)保全目標に対するパフォーマンスのレビュー*h)補償のパフォーマンス (該当する場合には、 必ず)*i)顧客スコアカードのレビュー (該当する場合には、 必ず)*j)リスク分析 (FMEA のような) を通じて明確にきれた潜在的市場不*具合の特定*k)実際の市場不具合及びそれらが安全又は環境に与える影響*
9.3.3, マネジメントレビューからのアウトプット*マネジメントレビューからのアウトプットには、次の事項に関する決定及び処置を含めなければならない*a)改善の機会*b)品質マネジメントシステムのあらゆる変更の必要性*c)資源の必要性*組織は、マネジメンントレビューの結果の証拠として、文書化した情*報を保持しなければならない.*
9.3.3.1, マネジメントレビューからのアウトプット一補足*トップマネジメントは、 顧客のパフォーマンス目標が達成されていない*場合には、 処置計画を文書化し実施しなければならない.*
10, 改善*
10.1, 一般*組織は、顧客要求事項を満たし、顧客満足を向上させるために、改*善の機会を明確にし、選択しなければならず、また、必要な取組みを*実施しなければならない。*これには、次の事項を含めなければならない*a)要求事項を満たすため、、並びに将来のニーズ及び期待に取り組むための、製品及びサービスの改善*b)望ましくない影響の修正、防止又は低減*c)品質マネジメントシステムのパフォーマンス及び有効性の改善*注記 改善には、例えば、修正、是正処置、継続的改善、現状を*打破する変更、革新及び組織再編が含まれ得る。*
10.2, 不適合及び是正処置*
10.2.1, 苦情から生じたものを含め、不適合が発生した場合、組織*は、次の事項をおこなわなければならない。*a)その不適合に対処し、該当する場合には、必ず、次の事項を行う。*1)その不適合を管理し、修正するための処置をとる。*2)その不適合におって起こった結果に対処する*b)その不適合が再発又は他のところで発生しないようにするため、*次の事項によって、その不適合の原因を除去するための処置をと*る必要性を評価する。*1)その不適合をレビューし分析する.*2)その不適合の原因を明確にする.*3)類似の不適合の有無、 又はそれが発生する可能性を明確にする.*c)必要な処置を実施する.*d)とった全ての基正処置の有効性をレビューする.*e)必要な場合には、 計画の策定段階で決定したリスク及び機会を更*新する。*f)必要な場合には、品質マネジメントシステムの変更を行う。*是正処置は、検出された不適合のもつ影響に応じたものでなければならない。*
10.2.2, 組織は、次に示す事項の証拠として、文書化した情報を保持しなければならない。*a)不適合の性質及びそれに対してとったあらゆる処置*b)是正処置の結果*
10.2.3, 問題解決*組織は、 次の事項を含む、 問題解決の方法を文書化したプロセスをもた*なければならない.*a)問題の様々なタイプ及び規模に対する定められたアプローチの仕方*(例 新製品開発、 現行製造問題、 市場不具合、 監査所見)*b)不適合なアウトプット (ISO 9001 の 8.7 参照) の管理に必要な、 封*じ込め、 暫定処置及び関係する活動*c)根本原因分析、 使用される方法論、 分析及び結果*d)類似のプロセス及び製品への影響を考慮することを含む、 体系的是正*処置の実施*e)実施された基正処置の有効性検証*f)適切な文書化した情報 (例 PPMEA、 コントロールプラン) のレビ*ュー及び、 必要に応じた更新*顧客が固有の規定されたプロセス、 ツール、 又は問題解決のシステムを*もっている場合、 顧客によって他に承認がない限り、 組織は、 そのプロセ*ス、 ツール、 又はシステムを使用しなければならない.*
10.2.4, ポカヨケ*組織は、 適切なポカヨケ手法の活用について決定する文書化したプロセ*スをもたなければならない. 採用された手法の詳細は、 プロセスリスク分*析 (PFMRA のような) に文書化し、 試験頻度はコントロールプランに文*書化しなければならない.*そのプロセスには、 ポカヨケ装置の故障又は模擬故障のテストを含めな*ければならない. 記録は維持しなければならない. チャレンジ部品が使用*される場合、 実現可能であれば、 識別し、 管理し、 検証し、 及び校正しな*ければならない. ポカヨケ装置の故障には、 対応計画をもたなければなら*ない.*
10.2.5, 補償管理システム*組織の製品に対して補償を要求される場合、 組織は、 補償管理プロセ*スを実施しなければならない. 組織は、 NTF (no trouble found) を含め*て、 そのプロセスに補償部品分析の方法を含めなければならない. 顧客に*規定されている場合、 組織は、 その要求される補償管理プロセスを実施し*なければならない.*
10.2.6, 顧客苦情及び市場不具合の試験・分析*組織は、 顧客苦情及び市場不具合に対して、 回収された部品を含めて、*分析しなければならない. そして、 再発防止のために間題解決及び是正処*置を開始しなければならない*顧客に要求された場合は. これには、 顧客の最終製品内での、 組織の製*品の組込みソフトウェアの相互作用の分析を含めなければならない.*組織は、 試験分析の結果を、 顧客及び組織内にも伝達しなければなら*ない。*
10.3, 継続的改善     、*組織は 品質マネジメントシステムの適切性、妥当性及び有効性を*継続的に改善しなければならない、*組織は、 継続的改善の一票として取り組まなければならない必要性*又は機会があるかどうかを明確にするために、分析及び評価の結果並*びにマネジメントレビューからのアウトプブットを検討しなければ*ならない。*
10.3.1, 継続的改善一補足*組織は、 継続的改善の文書化したプロセスをもたなければならない. 組*織は. このプロセスに次の事項を含めなければならない.*a)使用きれる方法論、 目標、 評価指標、 有効性及び文書化した情報の明*確化*b)工程ばらつき及び無駄の削減に重点を置いた、 製造工程の改善計画*c)リスクタ分析 (FMEA のような)*注記 継続的改善は、 製造工程が統計的に能力をもち安定してから、*又は製品特性が予測可能で顧客要求事項を満たしてから、 実施*される**