4.4, 品質マネジメントシステム及びそのプロセス *
4.4.1,取引先企業はISO9001及びIATF16949の要求事項に合致した品質マネジメント *システムを確立し、文書化し、 実行し、維持し、有効性を継続的に改善してください。 *品質マネジメントシステムに必要なプロセスは、次の通りとする。 *(1) プロセスに必要なインプット、及びこれらのプロセスから期待されるアウトプットを明確にする。 *当社としてはタートルチャート分析の実施を推奨します。 *(2) これらのプロセスの順序及び相互作用を明確にする。 *(3) これらのプロセスの効果的な運用及び管理を確実にするために必要な判断基準及び方法を決定し *適用する。 *(4) これらのプロセスに必要な資源を明確にし、それが利用できることを確実にする。 *(5) これらのプロセスに関する責任及び権限を割り当てる。 *(6) 6. 1 項の要求事項に従って決定した通りにリスク及び機会に取り組む。 *(7) これらのプロセスを評価し、 意図した結果の達成を確実にするために必要な変更を実施する。 *(8) これらのプロセス及び品質マネジメントシステムを改善する。 *
4.4.1.1, 製品及びプロセスの適合【IATF】【全体】 *取引先企業はすべての製品及びプロセスが当社、法令、規制の要求事項(8.4.2.2) に適合することを確実にしてください。 *
4.4.1.2, 製品安全【IATF】【全体】 *取引先企業は、製品安全に関係する製品及び製造工程の運用管理に対して次の事項を文書化し、実施して下さい。 *(1) 法令・規制の製品安全要求事項の特定 *(2) 当社からの製品安全要求事項の通知に従う事とする。 *(3) 設計FME Aの特別承認 *設計FMEAを特別承認する。通常、当社の受領を以って特別承認とするが、当社からの提出要求が無い場合、通常承認者の上位職の承認でも可とする。 *(4) 安全に関係する製品特性及び製造時点での特性の特定及び管理特殊特性は、図面、FMEA、QC 工程表に指定の記号を表示する。 *(5) QC 工程表及び工程FMEAの特別承認 *QC 工程表及び工程FMEAを特別承認する、通常、当社の受領を以って特別承認とするが、当社からの提出要求が無い場合、品質管理責任者の承認でも可とする。 *(6) 対応計画 9. 1. 1. 1項による。 *(7)定められた責任、トップマネジメントを含めた上申プロセス及び情報フローの明確化並びに当社への *通知 *重大な社内不良又はクレームが発生した際は、品質管理部署がトップマネジメント及び当社へ通知を行う。 *(8) 製品安全に関係する製品及び関連する製造工程に携わる要員に対する、取引先企業又は該当する場合当社によって特定された教育訓練 *(9) 製品または工程変更の実施前の承認*8. 3. 6及び8. 5. 6による。 *(10) 顧客指定の供給者を含む、サプライチェーン全体に対しての製品安全要求事項の連絡 *8. 4. 3. 1による *(11) サプライチェーン全体に渡る、製造ロット単位での製品トレーサビリティ *8. 5. 2. 1による *(12) 新製品導入に対する学んだ教訓 *過去トラ(工程内不良、クレームやリコール等)から学んだ教訓を参考とし、DRのインプットとする。 *
4.4.2, 文書化に関する要求事項 *(1) プロセスの運用を支援するための文書化した情報の維持。手順書、作業指示書などがこれにあたる。 *(2) プロセスが計画通りに実施されたことを示す記録の維持。 *
5., リーダーシップ *
5.1, リーダーシップ及びコミットメント *
5.1.1, 一般 *経営者は、次に示す事項によって、品質てマネジメントシステムに関するリーダーシップ及びコミットメント *実証してください。 *(1) 品質マネジメントシステムの有効性に説明責任を負う。 *(2) 品質てネジメントシステムに関する品質方針及び品質目標を確立し、それが自社の状況及び戦略的な *方向性と両立することを確実にする。 *(3) 自社の事業プロセスへの品質マネジメントシステム要求事項の統合を確実にする。 *(4) プロセスアプローチ及びリスクに基づく考え方の利用を促進する。 *(5) 品質マネジメントシステムに必要な資源が利用可能であることを確実にする。 *(6) 有効な品質マネジメント及び品質てマネジメントシステム要求事項への適合の重要性を伝達する。 *(7) 品質マネジメントシステムがその意図した結果を達成することを確実にする。 *(8) 品質マネジメントシステムの有効性に寄与するよう人々を積極的に参加させ、指揮し、支援する。 *(9) 改善を促進する。 *(10) その他の関連する管理層がその責任の領域においてリーダーシップを実証するよう、管理層の役割を支援 *する。              *
5.1.1.1, 企業責任【IATF】【全体】 *取引先企業は、企業責任方針を定め実行してください。 *それには最低限、贈軒防止方針、従業員行動規範及び倫理的上申方針 (内部告発方針) が含まれます。 *企業行動憲章を設定し、従業員へ周知徹底及びサプライチェーンにもその精神に基づく行動を取って *ください。 *
5.1.1.2, プロセスの効率性及び評価 【IATF】【全体】 *取引先企業は、適切な頻度で、製品実現プロセス及び支援プロセスの活動結果をレビューしてください。 *プロセスレビューの結果はマネジメントレビューのインプットに含めてください。 *
5.1.1.3, プロセスオーナー【IATF】【限定】 * 経営者は、自社のプロセスをマネジメントする責任をもつプロセスオーナーを特定してください。 *プロセスオーナーは自らの役割を理解し、その役割を遂行してください。プロセスオーナーは *力量を上兼ね備えている部長クラスが望ましい。 *
5.1.2, 顧客重視 *顧客満足の向上を目指して、要求事項を満たされていることを確実にするための活動を次の通りとして *維持してください。 *(1) 顧客要求事項及び適用される法令・規制要求事項を明確にし、理解する。 *(2) 製品・サービスの適合並びに顧客の満足を向上させる能力に影響を与えるリスク及び機会を決定する。 *(3) 顧客満足向上の重視が維持されるよう社内に働きかける。 *
5.2, 方針 *
5.2.1, 品質方針の確立 *経営者は以下を満たす品質方針を確立してください。 *(1) 組織の目的及び状況に対して適切である。 *(2) 品質目標の設定にための枠組みを与える。 *(3) 適用される要求事項を満たすことへのコミットメントを含む。 *(4) 継続的改善へのコミットメントを含む。 *
5.2.2, 品質方針の伝達 *品質方針は以下の事項を満たしてください。 *(1) 文書化し、利用可能な状態に維持される。 *(2) 組織内に伝達され、理解され、適用される。 *(3) 必要に応じて、密接に関連する利害関係者が入手可能な状態にする。 *
5.3, 組織の役割、責任及び権限 *関連する役割に対して、責任及び権限が割り当てられ、伝達され理解される事を確実にしてください。 *(1) 自社の品質マネジメントシステムが、当社要求事項に適合する事を確実にする。 *(2) プロセスが意図したアウトプットを生み出すことを確実にする。 *(3) 品質てマネジメントシステムのパフォーマンス及び改善の機会をトップマネジメントに報告する。 *(4) 組織全体にわたって顧客重視を推進する事を確実にする。 *(5) 品質マネジメントシステムの変更を計画し、実施する場合には、品質マネジメントシステムの完全性を *維持することを確実にする。 *
5.3.1, 組織の役割、責任及び権限-補足 【IATF】【限定】 *経営者は当社要求事項を満たすことを確実にするために、責任及び権限を持つ要員を任命し下記事項を含め *文書化する。 *・ 特殊特性の選定    ・ 品質目標の設定および関連する教育訓練 *・ 是正処置及び予防処置 ・製品の設計、開発 *・生産能力分析     ・ 物流情報 *・当社スコアカード (指定ある場合) *
5.3.2, 製品要求事項及び是正処置に対する貢任及び権限【IATF】【全体】 *是正処置に対する責任及び権限をもつ管理者を明確にして下さい。要求事項に不適合となった製品又はプロ *セスの情報が、その管理者に速やかに報告されるようにして下さい。 *製品要求事項への適合に責任をもつ人を明確にして下さい。 また、その南任者には、 品質問題を是正するた *めに生産を停止する権限を与えて下さい。 *すべての生産シフト (直) にわたる生産活動に、 製品要求事項への適合を確実にする責任をもつ又はその責 *任を委任された従業員を配置して下さい。すべてのシフトにおいて品質問題を是正するために生産を停止す *る責任を持つ人員を配置して下さい。 *取引先企業における品質責任者 *是正処置に対する責任及び権限をもつ管理者     選定し、 責任及び権限を定め、全員に周知願います。 *品抽管理部門長または指名者 *(要求事項に不適合となった製品及びプロセス) *製品要求事項への適合に責任をもつ従業員      選定し、 責任及び権限を定め、全員に周知願います。 *品質管理部門長または指名者 *(品質問題是正のための生産停止権限をもつ) *すべてのシフト (直) にわたる責任をもつ責任者   シフト毎に選定し、責任及び権限を定め、全員に周 *製造部門長または指名者              知願います。 *又は委任された従業員 *  *
6., 計画 *
6.1, リスク及び機会への取り組み *
6.1.1, *品質マネジメントシステムの計画を策定する時、4.1 に規定する課題及び 4.2 に規定する要求事項を考慮し *リスク及び機会を決定してください。 *
6.1.2, *下記の事項を計画してください。 *(1) 決定したリスク及び機会への取り組み *(2) その取組に対する有効性の評価 *
6.1.2.1, リスク分析【IATF】【全体】 *取引先企業は、 製品リコールから学んだ教訓、 製品監査、クレーム等の過去トラをリスク分析に含めてくだ *さい。 リスク分析にはFME Aなどのツールを用いる事とし、 新規作成又は改訂の際にインプットとして過 *去トラ情報を反映させる。 *
6.1.2.2, 予防処置【IATF】【全体】 *取引先企業は、起こり得る不適合が発生することを防止するために、 その原因を除去する処置を決めて下さ *い。 予防処置は、問題の影響に応じたものとして下さい。 *次の事項に関する要求事項を規定するために、文書化された手順を確立して下さい。 *(1) 起こり得る不適合及びその原因の特定 *(2) 不適合の発生を予防するための処置の必要性の評価 *(3) 必要な処置の決定及び実施 *(4) とった処置の結果の記録 *(5) とった予防処置の有効性のレビュー *(6) 類似プロセスでの再発を防止するために学んだ教訓の利用 *
6.1.2.3, 緊急事態対応計画【IATF】【全体】 *取引先企業は次の事項を実施して下さい。 *(1) 当社要求事項が満たされる事を確実にするため、 生産からのアウトプットを維持するのに不可欠な全て *の代替生産地の製造工程及びインフラストラクチャー設備を特定する。 *(2) 次のような状態となり、顧客要求事項を満たす生産の継続が困難となった状態を「緊急事態」とし、 *代替生産方法及び生産地を検討する。工場火災・爆発、停電・断水、重要設備の故障、材料供給途絶、 *労働力不足、台風・豪雨・豪雪などの天候被害、サイバー攻撃。 *(3) 当社の操業に影響するいかなる状況も、その程度及び期間を顧客及び他の利害関係者へ通知すること *を確実にする。 *BCPを策定する、もしくは皿急事態を想定し、回復日程を考慮した適正な在庫を持つルールを作成 *する。 *(4) 代替生産方法及び生産地は部門横断チームによって、最低限年次でレビューを行い、必要に応じて更新 *する。有効性確認のためのシミュレーションについては、年次レビューで実施する。 *
6.2, 品質目標及びそれを達成するための計画策定 *
6.2.1, 経営者は、品質マネジメントシステムの継続的改善を図るため、会社経営方針、品質方針等に基づき *品質目標を確立してください。 また、 品質目標及びその評価指標を定めて、事業計画書に含め、業務の実施計 *画として各部署へ展開してください。 品質目標は、 当社の期待に応え、 定められた期限内に達成されるように *管理してください。 *
6.2.2, 品質目標の達成計画について、以下を決定してください。 *実施事項に対する、必要な資源・責任者・完了時期・結果の評価方法 *
6.2.2.1, 品質目標及びそれを達成するための計画策定一-補足【IAIF】【全体】 *経営者は、品質目標を設定する際に当社要求事項を満たす目標をインプット情報とする。 *要求事項に関するレビューの結果は、年次の品質目標及び関係するパフォーマンス目標 (内部及び外部) を *確立する際に考慮する。 *
6.3, 変更の計画 *取引先企業が品質マネジメントシステムの変更を決定した場合、次の事項を考慮してください。 *(1) 変更の目的、それによって起こり得る結果 *(2) 品質マネジメントシステムの完全性 *(3) 資源の利用可能性 *(4) 責任及び権限の割り当てまたは再割り当て *
7., 支援 *
7.1, 資源 *
7.1.1, 一般 *取引先企業は、品質マネジメントシステムの実行及び改善ならびに顧客満足の達成に必要な経営資源につい *て、人的資源・インフラストラクチャー・作業環境を明確にし、提供する。 *
7.1.2, 人々 *製品要求事項に影響する業務に従事する要員については、 必要な力量を明確にし、 教育訓練された要員を確 *保し、配置してください。 *
7.1.3, インフラストラクチャー *製品の適合性を達成するためのインフラストラクチャーを明確にし、提供し維持管理してください。 *
7.1.3.1, 工場、施設及び設備の計画【IATF】【限定】 *取引先企業は新規設備導入の計画策定時、 部門横断的アプローチを用い、リスクの特定及び緩和を目的とし *て設備仕様DR及び引渡しDRを実施してください。 *設備レイアウトは、不良品の管理を含む、材料の流れ、材料の取り扱い、及び現場スペースを考慮し、最 *適化してください。 *また、該当する場合には必ず同期の取れた材料の流れを促進してください。 *当社が要求する新規品及び新運用に対する製造フィージビリティ (実現性) の評価は、8.2.3.1.3 項によ *ります。リスクに関する定期的再評価を含めて、工程承認中になされた変更、コントロールプランの維持、 *作業の段取り替え検証を取り入れるために、工程の有効性を維持してください。 *
7.1.4, プロセスの運用に関する環境 *プロセスの運用に必要な環境を明確にし、提供・維持してください。 *代表的な環境と管理項目例 *TP *外観栓査場所 *計測室ならびに校正室 *
7.1.4.1, プロセスの運用に関する環境-一補足 【IATF】【全体】 *製品及び製造工程のニーズに合わせて、事業所を整頓され清潔な状態に維持してください。 *また、清潔さを維持することで、以下の問題発生の未然防止等に役立てて下さい。 *(1) 製品、原材料の取り違え *(2) 異物/異品混入/外観異常 *(3) 条件の取り違え、設定ミス *(4) 設備の異常(停止、誤作動) *
7.1.5, 監視及び測定のための資源 *
7.1.5.1, 一般 *定め られた要求事項に対する製品の適合性を実証するために、 取引先企業は、 実施すべき監視及び測定を明 *確にして下さい。また、そのために必要な監視機器及び測定機器を明確にして下さい。 *監視及び測定の要求事項との整合性を確保できる方法で監視及び測定が実施できることを文書化した *プロセスとして保持して下さい。 *
7.1.5.1.1, 測定システム解析 (MSA) 【IATF】【全体】 *各種の測定機器及び試験装置システムの結果に存在するばらつきを解析するため、統計的調査を実施して下 *さい。この要求事項は、コントロールプランに引用されている測定システムに適用して下さい。 使用する解 *析方法及び合否判定基準は、 測定システム解析に関する以下基準に適合させて下さい。 当社が承認した場合 *は、他の解析方法及び合否判定基準を使用してもかまいません。 *計量値/ゲージR&R 判定基準 *%R&Rでの判定基準 *a. 10%未満 *合格 *b. 10%以上30%以下 *適用する特性の重要性、測定装置のコスト、工程能力指数等に基づいて許容される場合がある。 *c. 30%超 *不合格。 測定システムのあらゆる見直し・改善を行うこと。 *7.1.5.2 測定のトレーサビリティ *測定のトレーサビリティが要求事項となっている場合には、測定機器に関し、次の事項を満たして下さい。 *(1) 定められた間隔又は使用前に、国際又は国家計量基準にトレーサブルな計量標準に照らして校正若しく *は検証、又はその両方を行って下さい。 そのような標準が存在しない場合には、 校正又は検証に用いた基 *準を記録して下さい。 *(2) 機器の調整をして下さい。又は必要に応じて再調整をして下さい。 *(3) 校正の状態を明確にするために識別を行う。 *(4) 取扱い、保守及び保管において、測定した結果が無効になるような調整、損傷及び劣化から保護する。 *さらに、 測定機器が要求事項に適合していないことが判明した場合には、その測定機器でそれまでに *測定した結果の妥当性を評価し、記録して下さい。その機器、及び影響を受けた製品すべてに対して、 *適切な処置をとって下さい、。 *校正及び検証の結果の記録を維持して下さい。 *規定要求事項にかかわる監視及び測定にコンピュータソフトウェアを使う場合にはに、そのコンピュータソ *フトウェアによって意図した監視及び測定ができることを確認して下さい。この確認は、最初の使用に *先立って実施して下さい。また、必要に応じて再確認して下さい。 *
7.1.5.2.1, 校正検証の記録 *校正・検証の記録をマネジメントする文書化したプロセスを維持してください。 *内部要求事項、法令・規制要求事項、及び当社が定めた要求事項への適合の証拠を提供するために必要な、 *全てのゲージ、測定機器及び試験設備(測定に関連する貴社所有の機器、当社固有の機器、サイト内供給者 *所有の機器を含む) に対する校正/検証の記録を保持してください。 *記録には、次の事項を含める。 *(1) 測定システムに影響する、設計変更による改訂 *(2) 校正/検誕のために受け入れた状態で、仕様外れの値 *(3) 仕様外れ状態によって引き起こされる得る製品の意図した用途に対するリスクの評価 *(4) 検査測定及び試験設備が、計画した検証若しくは校正、又はその使用中に校正外れ又は故障が *発見された場合、この検査測定及び試験設備によって得られた以前の測定結果の妥当性に関する文書化し *た情報について、校正報告書に関連する標準機の最後の校正を行った日付及び次の校正が必要になる期限 *を含めて保持すること。 *(5) 疑わしい製品または材料が出荷された際の顧客への通知 *(6) 校正/検証後の使用への適合表明 *(7) 製品及び工程の管理に仕様される計測器のソフトウェアのバージョンが指示通りである事の検証 *(8)全てのゲージ (貴社所有の機器、当社固有の機器、サイト内供給者所有の機器を含む) に対する校正及び *全活動の記録 *(9) 製品及び工程の管理に使用される(貴社所有の機器、当社固有の機器、サイト内供給者所有の機器に *インストールされたソフトウェアを含む)、 生産に関係するソフトウェアの検証 *
7.1.5.3, 試験所要求事項 *
7.1.5.3.1, 内部試験所【IATF】【限定】 *取引先企業内の試験所施設は、 要求された検査、 試験叉は校正サービスを実施する能力を含んだ適用範囲を *定めて下さい。この試験所適用範囲は、 品質マネジメントシステム文書に含めて下さい。 試験所は、技術要 *求事項として最小限、次の事項を規定し、実施して下さい。 *(1) 試験所の手順の適切性 *(2) 試験所従業員の力量 *(3) 製品の試験 *(4) 該当するプロセス規格 (ASTM、ENなど) に合わせて、サービスを正確に実施する能力 *(5) 関連する記録のレビュー *
7.1.5.3.2, 外部試験所 【IATIF】【全体】 *取引先企業が検査、 試験又は校正サービスに使用する、外部の/商用の/独立の試験所の施設は、 要求された *検査、 試験又は校正サービスを実施する能力を含み、 試験所適用範囲が定められ、次の事項のいずれかを満 *たして下さい。                      「 *(1) 当社が認めた外部試験所。 *(2) ISO/IEC17025又はこれと同等の国内基準に認定された試験所。 *
7.1.6, 組織の知識 *プロセスの運用に必要な知識ならびに製品適合を達成するために必要な知識を明確にしてください。 *標準書、基準書、規格書、指示書、仕様書、業務要領書等に文書化し、維持してください *
7.2, 力量 *以下の事項を実施して下さい。 *(1) 品質マネジメントシステムのパフォーマンス及び有効性に影響を与える業務を行う人に必要な力量を *明確にする。 *(2) 適切な教育、訓練または経験に基づいて、それらの人々が力量を備えている事を確実にする。 *(3) 該当する場合には、必ず、必要な力量を身につけるための処置をとり、とった処置の有効性を評価する。 *(4) 力量の証拠として、適切な文書化した情報を保持する。 *
7.2.1, 力量-一補足【IAIF】【全体】 *製品及びプロセス要求事項への適合に影響する活動に従事する全ての要員の認識(7. 3. 1) *を含めて、教育訓練のニーズ及び達成すべき力量を明確にする文書化したプロセスを確立してください。 *必要に応じて、 当社要求事項を満たすことに考慮して、 特定の業務に従事する要因を適確性確認してください。 *合否判定を伴う該当工程の要員は検査員としての資格認定をしてください。 *
7.2.2, 力量一-業務を通じた教育訓練 (OJT) 【IATF】【全体】 *品質要求事項への適合、内部要来事項、規制又は法令要求事項に影響する、新規又は変更された *責任を負う要員に対して、業務を通じたO J T (当社要求事項の訓練を含めなければならない) を実行してく *ださい。 *(1) 契約または派遣の要員も対象とする。但し、派遺法等の法律が適用される場合はそちらを優先する。 *(2) 詳細な教育レベルは、要上員の業務内容に見合ったものとする。 *(3) O J Tには、顧客要求事項に対する不良の影響についての教育を含める。 *
7.2.3, 内部監査員の力量【IATF】【全体】 *当社要求事項を考慮に入れて、内部監査貞が力量を持つ事を検証する文書化したプロセスを維持して *ください。 *資格を持つ内部監査員のリストを維持してください。 *
7.2.3.1, 内部監査員の力量一-補足【IATF】【限定】 *(1) リスクに基づく考え方を含む、監査に対するプロセスアプローチの理解 *(2) 該当する当社要求事項の理解 *(3) 監査範囲に関係する、該当するISO9001及びIATF16949有要求事項の理解 *(4) 監査範囲に関係する、該当するコアツール要求事項の理解 *(5) 計画、実施、報告、監査所見及び完了の仕方の理解 *(6) 取引先企業が定める年間最低回数の監査の実施 *(7) 内部及び外部変化に基づく要求事項の知識の維持 *上記に加え、 製造工程監査員は、 監査対象となる製造工程の知識を取得している者、 製品監査員は製品の適 *合性を検証するために、 製品要求事項の理解、 並びに該当する測定及び試験設備の使用において、*力量を取得している者を指名し、実施する。 *
7.2.4, 第二者監査員の力量【IATF】【限定】 *7.2.3.1項に示した力量を有する要員を第二者監査貞として割り当ててください。 *7.2.3.1項の他に PFMEA 及びコントロールプランを含む製造工程に対する力量を含めてください。 *内部監査員の要員とは別に第二者監査員のリストを維持してください。 *
7.3,認 識 *取引先企業は管理下で働く人々が、次の事項に関して認識を持つことを確実にしてください。 *(1) 品質方針 *(2) 関連する品質目標 *(3) パフォーマンスの向上によって得られる便益を含む、品質マネジメントシステムの有効性に対する *自らの貢献 *(4) 品質マネジメントシステム要求事項に適合しないことの意味 *
7.3.1, 認識-補足【IATF】【全体】 *顧客の不適合製品に関わる顧客要求事項及びそのリスクを含む、製品品質に及ぼす *影響、並びに目標を達成し、維持し、及び改善するために行う活動の重要性を認識させるために、 *業務実施計画書を用いて、次の事項を従業員全員に教育し、記録を残す。 *(1) 品質目標が未達の場合、その業務が製品品質に与える影響 *(2) 業務実施計画の重要性 *
7.3.2, 従業員の動機付け及びエンパワーメント【IATF】【限定】   *取引先企業は、 品質目標を達成し、 継続的改善を行い、 革新を推し進める環境を創造するために、 従業員を *動機付けするプロセスをもって下さい。 そのプロセスは、 組織全体にわたって品質及び技術に対する意識の *向上を含んだものにして下さい。例) 社内表彰等 *目組織の従業員が、自らの活動のもつ意味と重要性を認識し、 品質目標の達成に向けて自らどのように貢献 *できるかをどの程度認識しているかを測定するプロセスをもって下さい。 *
7.4, コミュニケーション *品質マネジメントシステムに関連する内部及び外部のコミュニケーションについて以下の内容 *を決定してください。 *(1) 内容 *(2) 実施時期 *(3) 対象者 *(4) 方法 *(5) 行う人 *
7.5, 文書化 *
7.5.1, 一般 *取引先企業は文書化について次の事項を含めて下さい。 *(1)本ガイドラインが要求する文書化した情報 *(2) 品質マネジメントシステムの有効性のために必要であると取引先企業が決定した *文書化した情報 *
7.5.1.1, 品質マネジメントシステムの文書類 【IATF】【全体】 *品質マネジメントシステムは、文書化し、品質マニュアルに含めてください。 *最低限、以下の事項を含めてください。 *(1) 品質マネジメントシステムの適用範囲、除外ありの場合、詳細及び除外を正当とする理由 *(2) 品質マネジメントシステムについて確立された、文書化したプロセス *(3) アウトソースしたプロセスの管理の方式および程度を含む、組織のプロセス並びにそれらの *順序及び交互作用 *(4) 品質マネジメントシステムの中で、当社固有要求事項に取り組んでいるかを示す文書 *
7.5.2, 作成および更新 7.5.3 文書化した情報の管理 *文書管理に関して、以下の内容を満足する文書を作成して、運用して下さい。 *(1) 文書の発行、承認、更新、管理方法について、ルールを規定して下さい。また、文書を発行する場合、 *発行者、及び内容を確認し承認する承認者をその文書に明記して下さい。 *(2) 文書の内容が有効かどうか定期的及び必要に応じて適宜見直しを実施して下さい。 *また、必要に応じて内容を更新し、再承認して下さい。 *(3) 「文書の更新」及び「現在使用することができる有効な文書」の識別について、文書番号、 *改定番号付与等のルールを規定して下さい。 *(4) 有効且つ必要な文書が、必要な場所で使用できるようにルールを規定して下さい。 *(5) 文書は読み易く容易に識別できるようにルールを規定して下さい。 *(6) 当社及びその他外部から配付された文書をリスト化する等の方法で明確にし、外部文書に関する *管理ルールを規定して下さい。 *  *当社から配付する文書例 *本品質ガイドライン、取引基本契約書、品質保証協定書、購買規格書、購買仕様書、部品 *図、グリーン調達ガイドライン、その他の外部文書 *当社が配付した文書及び/又はその内容を、供給者・アウトソーシング業者等の外部へ配付する必要がある の *場合は、必ず、事前に当社へ連絡し承認を受けて下さい。また、自組織の文書管理ルールに従って、 *確実に管理を実施して下さい。 *(7) 廃止文書が誤って使用されないようにルールを規定して下さい。また、何らかの目的で、 *廃止文書を保管する場合には、確実に識別して下さい。 *
7.5.3.1, 記録の保管 【IATF】【全体】 *取引先企業は記録保管方針を定め、文書化してください。 *法令・規制要求事項及び当社からの要求に従って記録保管して下さい。 *以下に当社が要求する記録及びその保管期間を示します。 ただし、 すべての記録を具体的名称で記述するの *困難ですので、概要となっています。 当社から個別に要求がある場合は、それに従って下さい。 *また、内容が不明な場合は、必ず当社へ確認して下さい。 *当社が要求する記録及びその保管期間 (当社指定品目は 15 年または都度指示 それ以外は5年とする) *・ 製造履歴 (移動票等) *・変化点管理 (工程変更) *・条件記録 (点検表等) *・ 出荷検査記録 *・ 計測器・試験設備の校正・ 管理記録 *・ 是正処置記録 *・ 製品設計及び工程設計の記録 *
7.5.3.2, 技術仕様書【IATF】【全体】 *当社から配付している技術規格/仕様書類の変更があった場合、当社の要求事項に従って、速やかに内容を *レビューし、 実施する文書化したプロセスを維持してください。 *レビューは変更を受領してから、10 稼働日内に完了することが望ましい。 *また、変更後の内容で生産を開始した日付を記録して下さい。 *
8., 運用 *
8.1, 運用の計画及び管理 *製品の提供に関する要求事項を満たすために、次の手順に従い運用の計画策定及び管理を実施して下さい。 *(1) 製品及びサービスに関する要求事項の明確化 *(2) 製品及びサービスに関する合否判定基準の設定とプロセス管理の実施 *(3) 製品及びサービスの要求事項への適合を達成するために必要な資源の明確化 *(4) 製品及びサービスの要求事項への適合を実証するための文書化した情報 (品質記録)の明確化 *
8.1.1, 運用の計画及び管理補足 【IATF】【全体】 *製品実現の計画をする際は、次の事項を含めてください。 *(1) 当社の要求事項及び技術仕様書 *(2) 物流要求事項 (包装仕様) *(3) 製造フィージビリティ *(4) プロジェクト計画(8. 3. 2項参照) *(5) 合否判定基準 *納入仕様書の提出 *取引先企業は、当社への納入品に対して、 新規取引・変更発生時に、納入品質内容を明記した納入仕様書を *提出して下さい。当社で審議・承認後、購買仕様書として返却します。 *仕様書記載必要項目(付表一2 TC05-A02/01-2) を参照のうえ、作成下さい。 *
8.1.2, 機密保持【IATF】【全体】 *取引先企業は、当社から提供した製品 (開発中プロジェクト含む) 及びその関連情報を扱う場合、 *機密保持を確実に行なえるように、情報管理体制を確立させ運用して下さい。 *
8.2, 製品及びサービスに関する要求事項 *
8.2.1, 顧客とのコミュニケーション *取引先企業は、 次の事項に関して当社とのコミュニケーションを図るための効果的な方法を明確にし、 実施 *して下さい。 *(1) 製品情報 *(2) 引合い、契約若しくは注文、又はそれらの変更 *(3) 苦情を含む当社からのフィードバック *(4) 顧客の所有物の取り扱いまたは管理 *(5) 関連する場合には、不測の事態への対応に関する特定の要求事項の確立 *
8.2.1.1, 願客とのコミュニケーション一補足【IATF】【全体】_ *記述又は口頭のコミュニケーションは、当社と合意された言語とする。当社に規定されたコンピューター *言語及び書式(CADデータ 、電子データ交換等) を含めて、必要な情報をやりとりしてください。 *
8.2.2, 製品及びサービスに関する要求事項の明確化 *取引先企業は、次の事項を明確にして下さい。 *(1) 当社が規定 した要求事項。これには引渡し及び引渡し後の活動に関する要求事項を含む。 *「取引基本契約書」、「品質保証協定書」、「グリーン調達ガイドライン」 及び「取引先様のための品質ガイド *ライン」 *(2) 製品に適用される法令・規制要求事項。 *(3) 取引企業が必要と判断する追加要求事項。 *
8.2.2.1, 製品及びサービスに関係する要求事項の明確化一補足 【IATF】【限定】 *8.2.2 に加えて、材料の入手、保管取扱い、リサイクル、除去、又は廃棄に関係する、全ての該当す *る政府の安全規制、及び環境側面の情報を当社より入手する。 *
8.2.3, 製品及びサービスに関する要求事項のレビュー *
8.2.3.1, *取引先企業は、製品及びサービスに関連する要求事項をレビューして下さい。このレビューは、取引先企業 *が当社に製品を提供することに対するコミットメント (例 提案書の提出、契約又は注文の受諾、契約又は *注文への変更の受諾) をする前に実施して下さい。レビューでは次の事項を確実にして下さい。 *(1) 当社が規定 した要求事項、これには引き渡し、引き渡し後の活動に関する要求事項を含む。 *(2) 当社が明示してはいないが、指定された用途または意図された用途が既知である場合、それらの用途に *応じた要求事項 *(3) 貴社が、規定 した要求事項 *(4) 適用される法令・規制要求事項 *(5) 以前に提示されたものと異なる、契約または注文の要求事項 *このレビューの結果の記録、及びそのレビューを受けてとられた処置の記録を維持して下さい。 *当社がその要求事項を書面で示さない場合には、取引先企業は当社要求事項を受庄する前に確認して下さい。 *製品要求事項が変更された場合には、 関連する文書を修正して下さい。 また、変更後の要求事項が、関連す *る従業員に理解されることを確実にして下さい。 *
8.2.3.1.1, 製品及びサービスに関する要求事項のレビュー一補足 【IATF】【全体】 *
8.2.3.1, で要求された正式なレビューを実施しない場合は当社の許可を取り、文書化した証拠を保持して *ください。 *
8.2.3.1.2, 当社指定の特殊特性 【IATF】【全体】 *取引先企業は、当社からの特殊特性の指定がある場合、文書化及び管理に対する当社要求事項への *適合を実証して下さい。 *当社では特殊特性について特別管理特性と呼び、図面等に特別管理記号を記載指示します。 *「特別管理特性一覧」 (付表一3 TC12-A03/3) *特別管理特性に対する要求事項 *特別管理特性                    一般特性 *計量値      Cpk竹1. 67     Cpk竹1. 33 *計数値     P-barく0. 39%   P-barく1. 096 *
8.2.3.1.3, 組織の製造フィージビリティ【IATIF】【限定】 *取引先企業は、 契約内容の確認プロセスにおいて、リスク分析を含めて、 提案製品の製造フィージビリティ *(製造実現性の事前評価) を部門横断的アプローチを利用して調査し、 確認して下さい。 *
8.2.3.2, 取引先企業は、製品およびサービスに関する要求事項のレビューに関する記録を保持してください。 *
8.2.4, 製品及びサービスに関する要求事項の変更 *製品及びサービスに関する要求事項が変更された際には、関連する文書化した情報を変更すると共に、 *変更後の要求事項について、関連する人々に理解される事を確実にしてください。 *
8.3, 製品及びサービスの設計・開発 *
8.3.1, 一般 *製品及びサービスの提供を確実にするために適切な設計・開発プロセスを確立し、実施し、 *維持してください。 *
8.3.1.1, 製品及びサービスの設計・開発-一補足【IATF】【全体】 *設計・開発の要求事項は、製品の設計・開発だけでなく、製造工程の設計・開発にも適用します。 *エラーの検出よりも、エラー自体が発生しないよう予防に焦点を合わせてください。 *設計・開発プロセスを文書化してください。 *
8.3.2, 設計・開発の計画 *要求事項を満たすため、設計・開発の計画を作成し、管理してください。 設計・開発の *計画においては、次の事項を明確にしてください。 *(1) 設計・開発のステップ *(2) 設計・開発の各ステップに適したレビュー、検証及び妥当性の確認 *(3) 設計・開発に関する責任及び権限 *(4) 設計・開発の要求事項を満たしていることを実証するために必要な文書化した情報 *効果的なコミュニケーションと責任の明確な割り当てを確実にするために、設計・開発に関与する *グループ間のインターフェースを運営管理してください。設計・開発の進行に応じて、作成した計画を *適宜更新してください。 *
8.3.2.1, 設計・開発の計画一-補足 【IATF】【限定】 *次の活動について、部門横断的アプローチには設計開発プロセスに影響を受ける全ての当社内の利害関係者 *及び必要に応じてサプライチェーンを含める事を確実にする。 *(1) プロジェクトマネジメント例) APQP *(2)代替の設計提案及び製造工程案の使用を検討するような、製品設計及び工程設計の活動 *(3) 潜在的リスクを低減する処置を含む、製品設計リスク分析(FMEA) の実施及びレビュー *(4) 製造工程リスク分析の実施及びレビュー(FMEA、 コントロールプラン及び作業指示書など) *
8.3.2.2, 製品設計の技能【IATF】【全体】 *取引先企業は、 製品設計に責任を持つ要員が、 設計要求事項を実現する力量を持ち、 該当するツールおよび *手法の技能を持つ事を確実にしてください。 *また該当するツールおよび手法を明確にしてください。 *
8.3.3, 設計・開発へのインプット *製品要求事項に関連かるインプットを明確にし、文書化し記録を維持してください。インプットには *次の事項を含めてください、。 *(1) 機能及び性能に関する要求事項 *(2) 適用される法令、規制要求事項 (環境管理物質の非含有確認を含む) *(3) 以前の類似した設計から得られた情報 *(4) 貴社が実施することをコミットメントしている、 標準・ *(5) 製品の性質に起因する失敗により起こり得る結果 *これらのインプットは、その適切性をレビューしてください。 要求事項は漏れがなく曖昧でなく、相 *反することがないようにしてください。 *
8.3.3.1, 製品設計へのインプット【IATF】【限定】 *契約内容の確認の結果として、 製品設計へのインプット要求事項を特定し、 文書化し、レビューしてくださ *い。 *製品設計へのインプット要求事項には次を含める。 *(1) 特殊特性を含む、しかしそれに限定されない製品仕様書 *(2) 境界及びインターフェース要求事項 *(3) 識別、トレーサビリティ、及び荷交 *(4) 設計代替案の検討 *(5)インプット要求事項に伴うリスク、およびリスクを緩和する・管理する組織の能力のフィージビリティ *の結果を含む評価 *(6) 保存、信頼性、耐久性、サービス性、健康、安全、環境、開発タイミング、及びコストを含む、    ー *製品要求事項への適合に対する目標                               (し) *(7) 当社から提供された場合、顧客指定の仕向け国の該当する法令、規制要求事項 *
8.3.3.2, 製造工程設計へのインプット【IATF】【限定】 *製造工程へのインプット要求事項を特定し、文書化し、レビューする。これには次を含めてください。 *(1) 特殊特性を含む製品設計からのアウトプットデータ *(2) 生産性、工程能力、タイミング、及びコストに対する目標 *(3) 製造技術の代替案 *(4) 当社から要求がある場合の固有要求事項 *(5) 過去の開発からの経験 *(6) 新材料 *(7) 製品の取り扱い及び人間工学要求事項(マテリアルハンドリング) *(8) 製造設計、 組み立て設計 *製造工程設計には、リスク分析の結果に応じしてのポカヨケ手法の採用を含める。 *
8.3.3.3, 特殊特性 【IAIF】【限定】 *当社によって決定された、また取引先企業によって実施された分析による特殊特性を特定するプロセスを *確立し、文書化してください。 *特殊特性の特定及び検討については、 部門横断的アプローチを用いる。それには次を含める。 *(1) 図面 (必要に応じて) 、FMEA、QC工程表、及び指示書における全ての特殊特性の文書化。特殊特性 *は、固有の記号で識別し、これらの各文書を通じて展開される。 *(2) 製品及び生産工程の特殊特性に対する管理及び監視戦略の開発 *(3) 要求がある場合、顧客規定の承認 *(4) 製品設計や工程設計に当社指定の特殊特性をインプットするときは、当社が定めた定義と記号に従う。 *
8.3.4, 設計・開発の管理 *設計・開発プロセスの管理について以下を実行してください。 *(1) 達成すべき結果を定める *(2) 設計・開発の結果について、要求事項を満たす能力を評価するためのレビューを行う。 *(3) 設計・開発からのアウトプットが、要求事項を満たすことを確実にするために、検証を行う。 *(4) 結果として得られる製品が、指定された用途または意図された用途に応じた要求事項を満たすことを *確実にするために妥当性確認を行う。 *(5) レビュー、または検証及び妥当性確認の活動中に明確になった問題に対して必要な処置をとる。 *(6) これらの活動についての文書化した情報を保持する。 *
8.3.4.1, 監視【IATF】【限定】 *設計・開発の規定 (計画) されたステップでの測定項目を定め、分析し、その要約した結果をマネジメント *レビューのインプットとして報告してください。 *当社が要求した場合、製品および工程の開発活動の測定項目は、要求に応じて報告または合意を *とって下さい。 *測定項目は、品質リスク (開発目標に到達しない性能・耐久性など) 、コスト、リードタイム、 *クリティカルパス (プロジェクトの納期短縮を効率的に見出す手法) などです。 *
8.3.4.2, 設計・開発の妥当性確認【IATF】【限定】 *設計・開発の妥当性確認は該当する産業規格及び政府機関の発行する規制基準を含む、 当社要求事項に従っ *て実行してください。 設計・開発の妥当性確認のタイミングは、 該当する場合には必ず当社指定のタイミン *グに合わせて計画する。 当社との契約上の合意がある場合、 設計・開発の妥当性確認には、 貴社の製品の相 *互作用の評価を含めてください。 *
8.3.4.3, 試作プログラム【IATF】【限定】 *当社から要求される場合、 試作プログラム及び試作Q C工程表を作成する。 試作は可能な限り、 量産で採用 *する同一の供給者治工具、及び製造工程を使用し、タイムリーな完了及び要求事項への適合のために、全て *の性能試験活動を監視する。 また、これらの業務をアウトソースする場合、 管理の方式及び程度を品質マネ *ジメントシステムの適用範囲に含めてください。 *
8.3.4.4, 製品承認プロセス【IATF】【限定】 *当社に定められた要求事項に適合するために、P P APや第二者監査などの当社が要求する手順に従って部 *品承認を行う。また、当社に要求される場合、 部品承認を当社に提出するのに先立って、外部から提供され *る製品及びサービスを8. 4. 3項によって承認し、 出荷に先立って文書化した当社の製品承認を取得する *とともに、記録を保持する。 *
8.3.5, 設計・開発からのアウトブプット *設計・開発からのアウトプットは、インプットと対比した検証ができるようなかな様式で明確にしてください。 *設計からのアウトプットは、次の通りとする。 *(1) 設計インプットの要求事項を満たしている。 *(2) 購買、製造に対しての適切な情報提供をする。 *(3) 合否の判定基準を含むかまたは引用している。 *(4) 製品が安全、かつ、適切に機能するために重要な設計上の特性 (例えば、運転、保管、取り扱い、安全 *及び廃茎に関する要求事項) を明確にしている。 *注 : 製造後、当社使用までの間、特別な梱包・保存が必要な場合、設計部署はこれを追加する。 *
8.3.5.1, 設計・開発からのアウトプット一-補足【IATF】【限定】 *製品設計からのアウトプットは、製品設計へのインプットに対しての検証及び妥当性確認が *できるような用語で表現してください。製品設計からのアウトプットは、次の事項を含めてください。 *(1) 設計FMEA、信頼性の結果 *(2) 製品の特殊特性及び仕様書 *(3) 適切な製品のポカヨケ *(4) 図面または数値データ を含む、製品の定義 *(5) 製品のデザインレビューの結果 *(6) サービス故障診断の指針並びに修理サービス性の指示書 *(7) サービス部品要求事項 *(8) 出荷のための荷次及びラベリング要求事項 *
8.3.5.2, 製造工程設計からのアウトプット【IATF】【限定】 *製造工程設計からのアウトプブットは、製造工程設計へのインプットと対比した検証が出来る様に文書化して *ください。 そのアウトプットは、 製造工程設計へのインプット要求事項と対比して検証をする。 製造工程設 *計からのアウトプットには次を含めてください。 *(1) 仕様書及び図面 *(2) 製品及び製造工程の特殊特性 *(3) 特性に影響を与える、工程インプット変数の特定 *(4) 設備及び工程能力調査を含む。生産及び管理のための治工具及び設備 *(5) 製品、工程及び治工具のつながりを含む製造工程フロー/レイアウト *(6) 生産能力の分析 *(7) 製造工程FMEA *(8) 保全計画及び指示書 *(9) QC 工程表 *(10) 標準作業及び作業指示書 *(11) 工程承認の合否判定基準 *(12) 品質、信頼性、保全性及び測定性に対するデータ *(13) 必要に応じて、ポカヨケの特定及び検証の結果 *(14) 製品/製造工程の不良の迅速な検出、フィードバック、及び修正の方法 *
8.3.6, 設計・開発の変更 *設計・開発の変更を明確にし、レビュー、検証及び妥当性確認を行い、管理してください。 *以下に関する文書化した情報を保持してください。 *(1) 設計・開発の変更 *(2) レビューの結果 *(3) 変更の許可 *(4) 悪影響を防止するための処置 *なお、変更を行う場合は、8.5.6 項を参照し、事前に当社に連絡し承認を受けてください。 *
8.3.6.1, 設計・開発の変更一-補足【IATF】【全体】 *取引先企業又はその供給者から提案されたものを含めて、初回の製品承認の後の全ての設計変更を、取り付 *け時の合い、形状・機能・性能・及び/又は耐久性に対する浴在的な影響を評価してください。これらの変 *更は、生産で実施する前に、当社要求事項に対する妥当性確認を実施して、内部で承認する。 当社から有要求 *される場合、生産で実施する前に文書化した承認、又は文書化された免除申請を顧客から得る事とする。 *
8.4, 外部から提供されるプロセス、製品及びサービスの管理 *
8.4.1, 一般 *購買品 (購入品、外注品、アウトソースした役務) が規定要求事項に適合することを確実にしてください。 *貴社の要求事項に従って製品を供給する能力を判断の根拠として、供給者を評価し、選定して下さい。選定、 *評価及び再評価の基準を定めて下さい。 *評価の結果の記録、及び評価によって必要とされた処置があればその記録を維持して下さい。 *仕事 (以下プロセスという) の一部及び/又は全部を外部業者へ「アウトソーシング (委託)」する場合は、 *必ず、事前に当社へ「アウトソーシング業者発注許可申請書」を、工程変更を伴う場合は、合わせて「エ程 *変更申請書」を提出し、承認を受けて下さい。 *・アウトソーシングした外部業者----アウトソーシング業者と呼ぶ。 *・ 取引先企業への部品・材料供給者一供給者と呼ぶ。 *また、アウトソースしたプロセスの管理を確実にして下さい。 アウトソースしたプロセスが原因で不適合品 *が発生したとしても、取引先企業は、当社に対するその責任を免れることはできません。 *所定様式 *「アウトソーシング業者発注許可申請書」(付表一4 TC12-A03/4)、 *「工程変更申請書」 (付表一5 TC12-A03/5) *,
8.4.1.1, 一般一-補足【IATF】【全体】 *サブアセンブリ、整列、選別、手直し及び校正のような、要求事項に影響するプロセスを、外部から提供 *される製品、プロセス、及びサービスの定義の範囲に含めてください。 *
8.4.1.2, 供給者選定プロセス【IATF】【全体】 *以下の事項を含む文書化した供給者選定プロセスを確立してください。 *(1) 選定される供給者の製品適合性、及び顧客に対する組織の製品の途切れない供給に対するリスク評価 *(2) 関連する品質及び納入パフォーマンス *(3) 供給者の品質マネジメントシステムの評価 *(4) 部門横断的意思決定 *(5) 該当する場合には、ソフトウェア開発能力の評価 *必要に応じて考慮する選定基準には、次の事項を含む *・ 自動車事業の規模(絶対値及び事業全体における割合) *・ 財務的安定性 *・ 納入された製品、材料、又はサービスの複雑さ *・ 必要な技術(製品またはプロセス) *・ 使用可能な資源(人材、インフラストラクチャ等) の適切性 *・ 設計、開発の能力(プロジェクトマネジメントを含む) *・ 製造の能力 *・ 変更管理プロセス *・ 事業継続計画(BCP) *・ 物流プロセス *・ 顧客サービス *
8.4.1.3, 当社指定の供給者 【IATF】【全体】 *契約 (例 : 当社の設計図面、仕様書) で規定されている場合、取引先企業は、当社が承認した供給者から、 *製品、材料又はサービスを購入して下さい。 *治工具/ゲージの供給者を含めて、当社指定の供給者を使用することは、購買製品の品質を確実に *する取引先企業の責任を軽減するものではありません。 *
8.4.2, 管理の方式及び程度 *取引先企業は、 購買製品が、 規定した購買要求事項を満たしていることを確実にするために、必要な検査又 *はその他の活動を定めて、実施して下さい。 *取引先企業又は当社が、供給者またはアウトソーシング業者で監査・検証を実施することにした場合には、 *その検証の要領及び購買製品のリリースの方法を購買情報の中で明確にして下さい *
8.4.2.1, 管理の方式及び程度一-補足【IATF】【限定】 *外部から提供される製品、プロセス、 並びにサービスに対し、 当社の要求事項への適合を検証するために用 *いる管理の方式及び程度を選定して文書化してください。 *
8.4.2.2, 法令・規制要求事項 【IATF】【全体】 *購入した製品、プロセス、及びサービスが、受入国、出荷国、及び当社に特定された仕向け国の現在該当す *る法令・規制要求事項が提供されれば、その要求事項に適合する事を確実にしてください。 *当社が、 法令・規制要求事項をもつ製品に対して特別管理を定めている場合、 取引先企業で管理する場合を *含めて定められた通りに実施し、維持してください。 *部材の新規採用及び変更時の報告、 環境管理物質に関する管理は、 当社が別に定める *グリーン調達ガイドライン'に従うこと *
8.4.2.3, 供給者の品質マネジメントシステム開発【IATF】【限定】 *取引先企業は、自動車の製品及びプロセスの供給者に、 当社による他の許可が無い限り、I ATFに認証さ *れることを最終目標とし、ISO9001に認証された品質マネジメントシステムの開発、 実施及び改善を *要求してください。 *
8.4.2.4, 供給者の監視【IATF】【全体】 *供給者から供給される製品の要求事項への適合を確実にするために、供給者のパフォーマンスを還価してください。*最低限、(1) ～ (4) のパフォーマンス指標を監視してください。当社から要求された場 *(5) 及び(6) を監視項目に含める。 *(1) 納入された製品の要求事項への適合 *(2) 構内保留及び出荷停止を含む、受入工場において当社が被った迷惑 *(3) 納期パフォーマンス *(4) 特別輸送の発生件数 *(5) 品質問題又は納期問題に関係する、特別状態の当社からの通知 *(6) ディーラーからの返却、ワランティー補償、市場処置、及びリコール *
8.4.2.4.1, 第二者監査【IATF】【限定】 *供給者の管理方法に、第二者監査プロセスを含めてください。 *第二者監査は、次の用途に利用する。 *(1) 供給者のリスク評価 *(2) 供給者の監視 *(3) 供給者の品質マネジメントシステム開発 *(4) 製品監査 *(5) 工程監査 *製品安全/規制要求事項、供給者のパフォーマンス、品質マネジメントシステム認証レベルを含むリスク分 *析に基づいて、第二者監査の必要性、方式、 頻度、及び範囲を決定するための基準を文書化し。 第二者監査 *報告書の記録を保持する。 *
8.4.2.5, 供給者の開発【IATF】【限定】 *現行の供給者に対して必要な、供給者開発の優先順位、方式、程度及びタイミングを決定してください。 *決定をするためのインプットには次を含める。 *(1) 供給者の監視(8. 4. 2. 4)を通じて特定されたパフォーマンス問題 *(2) 第二者監査の所見(8. 4. 2. 4. 1) *(3) 第三者品質マネジメントシステム認証の状態 *(4)リスク分析 *未解決(未達)のパフォーマンス問題を解決するため、及び継続的改善に対する機会を追及するために必要な *処置を実施する。 *
8.4.3, 外部供給者に対する情報 *取引先企業は供給者に伝達する前に、要求事項が妥当であることを確実にしてください。 *以下の事項に関する要求事項を、供給者に伝達しなければならない。 *(1) 提供されるプロセス、製品及びサービス *(2) 次の事項についての承認 *a. 製品及びサービス *b. 方法、プロセス及び設備 *c. 製品及びサービスのリリース *(3) 人々の力量、これには必要な適格性を含む *(4) 貴社と供給者との相互作用 *(5) 貴社が適用する、供給者のパフォーマンスの管理及び監視 *(6) 貴社又は当社が供給者先での実施を意図している検証又は妥当性確認活動 *
8.4.3.1, 外部供給者に対する情報補足【IATF】【全体】 *全ての該当する法令・規制要来事項並びに製品及び工程の特殊特性を供給者に引渡し、サプライチェーンを *たどって、製造現場にまで全ての該当する要求事項を展開するよう供給者に要求してください。 *
8.5, 製造及びサービス提供 *
8.5.1, 製造及びサービス提供の管理 *取引先企業は、製造及びサービス提供を計画し、管理された状態で実行して下さい。 管理された状態には、 *次の事項のうち該当するものを含めて下さい。 *(1) 製造する製品の特性 (設計のアウトプットから製品の特性を述べた情報が利用できる) 及び *合否判定基準に代表される達成すべき結果 *(2) 監視機器及び測定機器が利用でき、使用している。 *(3) 適切な段階で、監視及び測定が実施されている。 *(4) 適切な設備・環境を使用している。 *(5) 必要な適格性を含め、力量を備えた人員を働命する。 *(6) 製品の検査及び試験ではその結果が十分検証できない、また、例えば製造の欠陥が製品の *使用段階にしか現れないようなて工程の場合、その工程は認定された者が作業を実行すること *及び工程パラメータの連続的な監視及び管理を実施し、工程の妥当性確認の再確認を行う。 *(7) ヒューマンエラーを防止するための処置として、工程設計段階でポカヨケを検討する。 *
8.5.1.1, コントロールプラン【IATF】【全体】 *取引先企業は該当する製造サイト及び全ての供給する製品に対して、コントロールプランを、システム、 サ *ブシステム、構成部品又は材料を含めて策定する。但し、 共通の製造工程を使う類似の部品に対しては、フ *ァミリーコントロールプランを作成してもよい。 当社から要求されれば、 試作の結果、 設計のリスク分析か *らの情報、工程フロー図及び製造工程のリスク分析のアウトプット(FMEAのような)からの情報を反映す *るコントロールプランを作成する。 *当社から要求ある場合、量産試作又は量産コントロールプランで製造を行った除の測定及び適合性のデータを提供する。 *コントロールプランには次の (1) ~ (5) を含める *(1) 作業の段取り替え検証を含む、製造工程の管理に使用される管理手段 *(2) 該当する場合には、必ず、初品/終品の妥当性確認 *(3) 取引先企業及び当社の双方で定められた、特殊特性に施される管理の監視方法 *(4) もしあれば、当社から要求される事項 *(5) 不適合品が検出された場合、工程が統計的に不安定又は能力不足となった場合の規定された対応計画 *次の(6) (9) に該当する事項が発生した場合コントロールプランをレビューしレし、必要に応じて更新する。 *(6) 不良品を顧客に出荷したと判断した場合 *(7) 製品、製造工程、測定、物流、供給元、生産量変更、又はリスク分析 (FME A) に影響する *変更が発生した場合 *(8) 該当する場合には、必ず顧客苦情及び関連する是正処置が実施された後 *(9) 当社に要求されれば、リスク分析に基づく又は設定された頻度でQ C工程表のレビュー又は改訂の後で *当社の承認を得る *当社から様式の指定がある場合は、 所定様式>を使用して下さい。 *要求がない場合の様式は任意としますが、記載項目についてはく所定様式>の内容を網羅できるよう作成 *してください。 *く所定様式> *「QC工程表 」(付表一6 TC12-A03/67) *
8.5.1.2, 標準作業-一作業指示書及び目視標準【IATF】【全体】 *標準作業文書が次の通りである事を確実にしてください。 *(1) 作業を行う責任をもつ従業員に伝達され、理解される *(2) 読みやすい *(3) 責任のある要員に理解される言語で提供する *(4) 指定された作業現場で利用可能である *(5) 作業者の安全に対する規定を含める。 *
8.5.1.3, 作業の段取り替えの検証【IATF】【限定】 *段取り替えについて次の事項を実施してください。 *(1) 作業の 1 回目の稼働、材料切り替え、作業変更のような新しい設定が必要とする作業の段取りが実施 *される場合は設定した内容を検証する *(2) 段取り替え要員のために文書化した情報 (段取指示書) を保持する *(3) 該当する場合には、検証に統計的手法を使用する  *(4) 該当する場合には、 初品/終品の妥当性確認 (品質確認) を実施する。 必要に応じて、 初品は終品との比較 *ために保持し、終品は次の工程稼働まで保持する事が望ましい *(5) 段取り設定及び初品/終品の妥当性確認後の工程及び製品承認の記録を保持する *
8.5.1.4, シャットダウン後の検証【IATF】【全体】 *計画的又は非計画的シャットダウン (設備故障など) 後に、製品が要求事項に適合するために *必要な処置を定め、実施する。 *8.5.1.3, 項の規定を参考とする。 *
8.5.1.5, TPM(Total productive maintenance) 【IATF】【限定】 *取引先企業は文書化したTPM システムを維持してください。 *システムには、次の事項を含める。 *(1) 要求された量の適合製品を生産するために必要な工程設備の特定 *(2) (1) で特定された設備に対する交換部品の入手性 *(3) 機械、設備及び施設の保全のための資源提供 *(4) 設備、治工具及びゲージの包装及び保存 *(5) 該当する 当社固有要求事項 *(6) 文書化した保全目標、例えば OEE (総合設備効率) 、MTBF (平均故障間隔) 、MTTR (平均修理時間) 並びに *予防保全の遵守目標。保全目標に対するパフォオーマンスは、マネジメントレビュー(9.3) への *インブットとする *(7) 目標が未達であった場合の保全計画及び目標、並びに是正処置に取り組む文書化した処置計画に関する *定期的レビュー *(8) 予防保全の方法の使用 *(9) 該当する場合には、必ず、予知保全の方法の使用 *(10) 定期的オーバーホール *
8.5.1.6, 生産治工具並びに製造、試験、検査の治工具及び設備の運用管理【IATF】【限定】 *取引先企業は、治工具及びゲージの設計、製作及び検証活動に対して資源を提供して下さい。 *取引先企業は、次の事項を含めて、生産治工具の運用管理レステムを確立し、実施して下さい。 *(1) 保全及び修理用施設並びに従業員 *(2) 保管及び補充 *(3) 段取り替え *(4) 消耗する治工具の交換プログラム *(5) 製品の技術変更レベルを含む、治工具設計変更の文書化 *(6) 治工具の修正及び文書の改訂 *(7) 生産中、修理中又は廃却のような、状況を明確にする治工具の識別 *又、顧客所有の治工具、製造設備、及び試験/検査設備に、所有権及び各品目の適用が明確になるように、 *見やすい位置に恒久的マークが付いている事を検証する。 *取引先企業は、いずれかの作業がアウトソースされる場合は、これらの活動を監視するシステムを実施 *して下さい。 *
8.5.1.7, 生産計画【IATF】【全体】 *取引先企業は、ジャストインタイムのような当社の注文/需要を満たすために生産が計画されている事、 *及び工程の重要部分で生産情報にアクセスできるようにする情報システムによってサポートされている *状態を維持してください。 *
8.5.2, 識別及びトレーサビリティ *取引先企業は、製造及びサービス提供の全過程において、監視及び測定の要求事項に関連して *適切な手段でアウトプットの状態を識別して下さい。 *監視及び測定の要求事項に関連して、製品の状態を識別して下さい。 *トレーサビリティを可能とするために必要な文書化した情報を保持してください。 *・部材への識別はロットNo. を基本とし、現品ラベル (検査票と共用しても可) ・検査票・部材自体への *控印・刻印等、具体的な識別方法・構成は” 納入仕様書” へ必ず明記願います。 *・ 現品票、検査束へのロットN o. 表記は、文字情報と共にバーコード表記を極力お願いします。 *・トレーサビリティ管理の範囲は、原則、全工程のトレースバックができることを求めます。 *
8.5.2.1, 識別及びトレーサビリティー-補足 【IATF】【限定】 *トレーサビリティの目的は、当社が受け入れた製品又は市場において品質及び/又は安全関係の不適合を含ん *でいる可能性がある製品に対して、開始、停止時点の明確な特定を支援する事である。 *取引先企業は、 当社に要求された場合、 当社が受け入れた製品又は市場において品質及び/安全関係の不適合 *を含んでいる可能性がある製品について、トレーサビリティを実施する。 *トレーサビリティシステムには、次の事項を含めてください。 *(1) 取引先企業が、不適合品及び疑わしい製品を識別できるようにする *(2) 取引先企業が、不良品及び疑わしい製品を分別できるようにする *(3) 当社及び/又は規制の対応時間の要求を満たす能力を確実にする *(4) 取引先企業が当社要求の対応時間を満たせるように出来る様式で文書化した情報を保持する事を    ー *確実にする *(5) 顧客又は規制基準によって規定されている場合、個別製品のシリアル化された識別を確実にする *(6) 識別及びトレーサビリティ要求事項が、 安全/規制特性をもつ、 外部から提供される製品に拡張適用する *事を確実にする *
8.5.3, 当社または供給者の所有物 *取引先企業は、 当社または供給者の所有物について、それが取引先企業の管理下にある間、又はそれを使用 *している間は、 注意を払って下さい。 使用するため又は製品に組み込むために提供された当社または供給者 *の所有物の識別、検証及び保護・防護を実施して下さい。 当社または供給者の所有物を紛失若しくは損傷し *た場合又は使用には適さないとわかった場合には、当社または供給者に報告し、記録を維持して下さい。 *当社所有の型・治工具、製造、試験、検査治工具及び設備は、各品目の所有者を判別できるように、 *恒久的な表示をして下さい。 *
8.5.4, 保存 *取引先企業は、製造及びサービス提供を行う間、要求事項への適合を確実にするために必要な程度に、 *製品を保存してください。 *この保存には、 該当する場合、識別、 取扱い、包装、 保管及び保護を含めて下さい。 *
8.5.4.1, 保存―――補足 【IATF】 【全体】 *保存に関わる考慮事項には、識別、取扱い、汚染防止、包装、保管、輸送時の保護を含める。 *劣化を発見するために、保管中の製品の状態は、適切に計画された間隔で評価する。 *取引先企業は在庫回転時間を最適化するために、 及び 【先入れ先出し】 (FIFO) のような、 在庫回転を保証するた *めに在庫管理システムを用いる。 旧式となった製品は、不適合品と同様な方法で管理してください。 *保存、包装、出荷およびラベリングについて当社から要求ある場合はそれに従って下さい。 *
8.5.5, 引き渡し後の活動 *引渡し後に、当社より製品品質上の調査・解析等要求されたものについては、法令・規制要求事項 *当社要求事項を考慮して調査を実施して下さい。 *
8.5.5.1, サービスからの情報のフィードバック 【IATF】 【全体】 *製品引き渡し後に当社又は市場で特定された取引先企業のサービス問題は、必要に応じて、 製造、 技術及び *設計へ情報を伝達するプロセスを確立し、支援を要請する体制を整えてください。 *
8.5.6, 変更の管理 *取引先企業は、 製造又はサービス提供に関する変更について、要求事項への継続的な適合を確実にするため *に必要な程度までレビューし、 管理してください。 レビューの結果、変更を正式に許可した人物及び必要な *処置を記載した記録を保持してください。 *変更に際しては、事前に所定の 「工程変更申請書」を当社へ申請、承認を受けて下さい。 *変更申請は原則として12ヶ月前までに提出下さい。 材料の変更については 18カ月前までに提出ください。 *また、 妥当性確認は変更前までに必ず完了させてください。 *但し、当社での評価に長期を要する場合があるので、 変更前品在庫の確保について、申請時に当社担当者と *充分な調整を実施してください。 *<所定様式> *「工程変更申請書」(付表-5 TC12-A03/5) *
8.5.6.1, 変更の管理-補足 【IATF】 【全体】 *取引先企業は、変更を管理し、 対応するプロセスを持ち、文書化してください。 *取引先企業、当社又は供給者に起因する変更を含み、変更による影響を事前に評価してください。 *影響性の事前評価には、次の事項を含める *(1) 当社要求事項に適合するための検証及び妥当性確認活動を定める。 *(2) 変更は、実施の前にその妥当性確認する。 *(3) 関係するリスク分析の証拠を文書化 (FMEA等)する。 *(4) 検証及び妥当性確認の記録を保持する。 *当社から要求ある場合、 次の事項を実施しなければならない。 *(5) 直近の製品承認後の、 計画した製品実現の変更の当社への通知 *(6) 変更実施の前に、文書化した承認を得る。 *(7) 初期管理及び妥当性確認のような、 追加の検証の完了 *
8.5.6.1.1, 工程管理の一時的変更 【IATF】 【全体】 *取引先企業は、 製造工程の故障などの影響で、本来の工程管理が使用出来ずに代替管理方法を採用して *一時的生産を実施する場合、 特別採用申請 (8.7.1.1)を行って内部承認及び当社承認を得る事とする。 *代替管理方法の使用を運用管理するプロセスを文書化して実施して下さい。 *代替方法にて生産されている期間中においても始業点検表を用いた日常点検及び各作業文書による製造や *品質確認を行い、 本来の工程管理と差異の無き事を確認する。 本来の工程管理へ復帰する際は、コントロー *ルプランに定められた工程管理方法が有効に機能している事を確認する。 代替管理方法が使用されていた間 *に生産された全ての製品に対してトレーサビリティ(8.5.2)を実施し、製品品質を確認する。 *
8.6, 製品及びサービスのリリース *取引先企業は製品が要求事項を満たしていることを検証するために、 適切な段階 (受入れ 工程内 最終検 *査・他)において計画した検査・試験を実施して下さい。 受入れ 工程内 最終検査 *検査・試験が完了するまでは当社への製品のリリースを行ってはならない。 *ただし、当社が承認した場合はこの限りではない。 *製品のリリースについて文書化してください。 これには以下を含める事とします。 *(1) 合否判定基準への適合の証拠 (検査記録等) *(2) リリースを許可した人に対するトレーサビリティ *
8.6.1, 製品及びサービスのリリース――補足 【IATF】【全体】 *各段階で計画した検査試験はコントロールプランに規定され、 コントロールプランに *規定されたすべての活動が完了した後、製品のリリースを行ってください。 *
8.6.2, レイアウト検査及び機能試験 【IATF】 【全体】 *レイアウト検査とは、図面に示される全ての製品寸法を完全に測定する事であり、 検査頻度は当社が決定す *る。レイアウト検査並びに製品の機能検証の実施結果は検査成績書に記録し、 当社がレビューのために利用 *できる状態にしてください。 *
8.6.3, 外観品目 *当社では、 自動車の外観を構成する部品を製造しない為、非該当とします。 *
8.6.4, 外部から提供される製品及びサービスの検証及び受入れ 【IATF】 【限定】 *取引先企業は、次の方法を一つ以上用いて、 購買製品の品質を保証するプロセスをもって下さい。 *(1) 供給者が行う統計データの受領及び評価 *(2) 実績に基づく抜取り検査のような、 受入検査及び/又は試験 *(3) 供給者またはアウトソーシング業者のサイトにおける第二者、若しくは第三者の審査又は監査、 *これには受入可能な納入製品の要求事項への適合の記録を伴う。 *(4) 指定された試験所による部品評価 *(5) 当社が同意した他の方法 *
8.6.5, 法令・規制への適合 【IATF】 【限定】 *自社の生産フローに外部から提供される製品をリリースする前に、 取引先企業は外部から提供されるプロセ *ス、製品及びサービスが製造された国、及び指定されれば当社指定の仕向国における最新の法令、規制及び *他の要求事項に適合している事を確認し、 それを証明する証拠を提出する。 *
8.6.6, 合否判定基準 【IATF】 【全体】 *合否判定基準は、取引先企業によって定められ、納入仕様書等により当社の承認を受けてください。 *抜取りで得られた計数データの合否判定水準は、原則不良ゼロ (ゼロ・ディフェクト) にして下さい。 *外観等の官能検査項目の判定基準については、必要に応じて当社と合意を取ってください *
8.7, 不適合なアウトプットの管理 *
8.7.1, 取引先企業は、 要求事項に適合しない製品が誤って使用されたり、又は引き渡されることを防ぐために、 *それらを識別し、 管理することを確実にして下さい。 *不適合の性質、並びにそれが製品に与える影響に基づいて適切な処置をとって下さい。 これには引き渡し後 *の製品にも適用されます。 *次の1つ以上の方法で、 不適合製品を処理してください。 *(1) 修正 *(2) 製品の分離、 散逸防止、 返却または提供停止 *(3) 当社への通知 *(4) 特別採用による受入れの正式な許可の取得 *不適合製品を修正した場合、 要求事項への適合を検証しなければならない。 *
8.7.1.1, 特別採用に対する当社の正式許可 【IATF】 【全体】 *取引先企業は、製品又は製造工程が現在承認されているものと異なる場合は常に、処理前に当社に特別採用 *申請書を発行し、 認可を得て下さい。 *不適合製品の”現状での使用 “及び手直しをする場合、処理をする前に当社の正式許可を受けてください。 *認可の満了日又は数量の記録を維持して下さい。 また、 認可が満了するときには、元の又は新たな仕様書及 *び要求事項に適合していることを確実にして下さい。 認可に基づいて出荷される部材は、 各出荷容器上で適 *切に識別できるようにして下さい。 *これは、購買製品にも等しく適用します。 取引先企業は、 供給者・アウトソーシング業者からのあらゆる要 *請に対しては、当社に提出する前に、承認して下さい。 *<所定様式> *「特別採用申請書」 (付表-7 TC12-A03/7) *
8.7.1.2, 不適合製品の管理当社規定のプロセス *本ガイドライン 8.7項全体を指す。 *
8.7.1.3, 疑わしい製品の管理 【IATF】 【全体】 *未確認の、又は疑わしい状態の製品は、不適合製品として分類して下さい。 *上記の処置は、 全ての製造要員に対して教育訓練を実施して下さい。 *疑わしい状態には、以下のような例があります。 *・保管期限を超えた製品 *異常と判断された設備、 計測器で製造・検査されていた製品 *・検査後の落下品、 ダメージ品など *
8.7.1.4, 手直し製品の管理 【IATF】 【全体】 *取引先企業は、製品を手直しする前に手直し工程におけるリスク分析を実施したうえで、当社から *承認を受けてください。 8.7.1.1「特別採用申請書」 参照 *コントロールプランまたは関連文書に従って、 原仕様への適合を検証するプロセスを文書化してください。 *再検査要求事項を含む手直し指示書は、適切な従業員が閲覧し、活用できるようにして下さい。 *数量、処置内容、 該当するトレーサビリティ情報を含めた、 手直し製品に関する文書化した規定を *保持してください。 *
8.7.1.5, 修理製品の管理 【IATF】 【全体】 *
8.7.1.6, 当社への通知 【IATF】 【全体】 *不適合製品が出荷された場合には、 当社に対して直ちに通知して下さい。 *その後、速やかに詳細文書を提出して下さい。 *
8.7.1.7, 不適合製品の廃棄 【IATF】 【限定】 *不適合製品の廃棄に関する文書化したプロセスを維持して下さい。 *スクラップされる製品が廃棄の前に使用不可の状態にされていることを検証してください。 *取引先企業は、 事前の当社承認無しで、 不適合製品をサービス又は他の使用に流用しないでください。 *
8.7.2, 次の事項を記載した不適合対策記録を保持してください。 *(1) 不適合の内容 *(2) とった処置 *(3) 該当する場合、 取得した特別採用 *(4) 処置について決定する権限を持つ者を特定している。 *
9., パフォーマンス評価 *
9.1, 監視、測定、分析及び評価 *
9.1.1, 一般 *品質マネジメントシステムのパフォーマンス及び有効性を評価し、 評価結果の記録 *(各部門の業務実施計画など) を残してください。 *そのために、以下の事項を決定すること。 *(1) 監視及び測定が必要な対象 *(2) 妥当な結果を確実にするために必要な、 監視、 測定、分析及び評価の方法 *(3) 監視及び測定の実施時期 *(4) 監視及び測定の結果の、分析及び評価の時期 *
9.1.1.1, 製造工程の監視及び測定 【IATF】 【限定】 *当社から要求がある場合、 すべての新しい製造工程 (組立又はシーケンスを含む) に関して、 工程能力を検 *証し、 特殊特性の管理を含む工程管理へのインプットを追加するために、 工程調査を実施して下さい。 *当社の部品承認プロセス要求事項で規定された製造工程能力 (Cpk) 又は製造工程性能 (Ppk) を維持し *て下さい。 コントロールプラン及び製造工程フローチャート PFMEA を作成・実施して下さい。 *これには次の規定事項の順守を含めて下さい。 *(1) 測定手法 *(2) 抜取方式 *(3) 合否判定基準 *(4) 実際の測定値および/または試験結果の記録 *(5) 合否判定基準が満たされない場合の対応計画 *治工具の変更、 機械の修理のような工程の重大な出来事は記録をして下さい。 *取引先企業は、統計的に能力不足又は不安定のいずれかを示す特性に対して、コントロールプランに記載さ *れた対応計画を開始して下さい。 対応計画には、 製品の隔離及び全数 (100%) 検査を適切に *含めて下さい。 *そして工程が安定し、必要な能力をもつようになることを保証するため、期限及び担当責任者を示した是正 *処置計画を作成して下さい。 この計画は、要求されている場合は、当社と共にレビューし、承 *得て下さい。 *工程変更の実効日付の記録を維持して下さい。 *
9.1.1.1.1, 製造工程の監視及び測定--補足 *取引先企業における工程及び製品で異常が発見された場合、 異常処置のルールに従って迅速かつ正確に *連絡・処置して不適合品の発生や流出を未然に防止すると共に、当該異常の再発防止を確実に実施して *下さい。 *当社への流出が想定される場合、速やかに処置状況を当社に連絡してください。 *(1) 異常管理体制の構築 *取引先企業は、 異常について適切な管理を行うために、以下の内容を実施して下さい。 *a.工程毎に、どのような異常があるのか定義して下さい。 *b.異常の定義及び処置方法を含む異常の管理ルールを定め文書化して下さい。 *c. 異常の定義及び処置方法について、 従業員に教育・訓練を行って下さい。 *d.異常管理責任者を定め、 確実に異常の管理を行って下さい。 *(2) 異常の具体例 *異常とは、作業や工程 (5M1E)及び製品が通常と異なる状態をいいます。 *例えば、異常には以下に示すような事例があります。 *a. いつもと違う音、 色、 手触り、臭い、硬さ、 精度等を感じたとき。 *b.作業標準通りに作業しても良品が出来ないとき。 *c..設備、 治工具等にいつもと違った現象が起こったとき。 例; 温度が異なる、 設備の異常ランプの点灯、 *油漏れ等。 *d. 包装品や組付け部品の過不足が判明したとき。 *又は余った等。 *e. 管理図等の管理限界外れが発生したとき。 *
9.1.1.2, 統計的ツールの特定 【IATF 】 【限定】 *適切な統計的ツールが製品承認プロセスの一部として含まれている事、 かつ設計リスク分析 *(DFMEAのような)や工程リスク分析 (PFMEAのような)及びコントロールプランに含まれて *いる事を確認する。 *
9.1.1.3, 統計概念の適用 【IATF】 【限定】 *ばらつき、管理(安定性)、 工程能力及び基本的統計概念は、統計データの収集、分析、管理に携わる要員 *において理解され、利用されるようにして下さい。 *
9.1.2, 顧客満足 *品質マネジメントシステム実施状況の測定の一つとして、 当社の要求事項を満たしているかどうかに関して *当社がどのように受けとめているかどうかについての情報を監視して下さい。 *この情報の入手及び使用の方法を定めて下さい。 *例;員数を確認した際、部品が不足している *
9.1.2.1, 顧客満足---補足 【IATF】 【全体】 *取引先企業は当社の満足度を監視して下さい。 パフォーマンスの指標は、客観的なデータによって裏付けら *れ、 次の事項を含めて下さい。 しかし、 これらに限定されるものではありません。 *(1) 納入した部品の品質実績 *(2) 当社が被った迷惑 *(3) 市場で起きた回収、リコール、補償 *(4) 納期実績(特別輸送費が発生する不具合を含む) *(5) 品質又は納期問題に関する、 当社からの通知 *(6) 当社への技術プレゼン頻度 *(7) コストダウン協力 *(8) グリーン調達への協力度 *取引先企業は、 製品品質及びプロセス効率に対する当社の要求事項への適合を実証するために、製造工程の *成果を含む実施状況を監視して下さい。 *監視には、提供される場合、 当社スコアカードを含むデータのレビューを含めてください。 *
9.1.3, 分析及び評価 *監視及び測定からの適切なデータ及び情報を分析し、 評価してください。 *分析の結果は、次の事項を評価するために使用してください。 *(1) 製品及びサービスの適合 *(2) 顧客満足度 *(3) 品質マネジメントシステムのパフォーマンスおよび有効性 *(4) 計画が効果的に実行されたか *(5) リスクおよび機会への取り組みの有効性 *(6) 外部供給者のパフォーマンス *(7) 品質マネジメントシステムの改善の必要性 *
9.1.3.1, 優先順位づけ 【IATF】 【限定】 *品質及び操業の成果を含む実施状況の傾向は、 目標に対する進捗と比較して下さい。 *当社満足度を改善する処置の優先順位づけを支援する活動を導くように実施して下さい。 *“品質及び操業の成果を含む実施状況” には次のようなものがあります。 *生産性 *・品質不適合コスト *・プロセスの効率及び有効性 *・生産アウトプット *
9.2, 内部監査 *
9.2.1, 取引先企業は、 品質マネジメントシステムの次の事項が満たされているか否かを明確にするために、あ *らかじめ定められた間隔で内部監査を実施して下さい。 *a) 品質マネジメントシステムが、 本ガイドラインに適合しているか、 及び取引先企業が定めた品質マネジメ *ントシステム要求事項に適合しているか *b) 品質マネジメントシステムが効果的に実施され、 維持されているか *
9.2.2, 取引先企業は、 監査の対象となるプロセス及び領域の状態及び重要性、 並びにこれまでの監査結果を考 *慮して、監査プログラムを策定して下さい。 監査の基準、 範囲、 頻度及び方法を規定して下さい。 監査員の *選定及び監査の実施においては、監査プロセスの客観性及び公平性を確保して下さい。 監査員は、自らの仕 *事を監査しないで下さい。 *監査の計画及び実施、 記録の作成及び結果の報告に関する責任、並びに要求事項を規定するために、文書化 *した手順を確立して下さい。 *監査及びその結果の記録を維持して下さい。 *監査された領域に責任をもつ管理者は、 検出された不適合及びその原因を除去するために遅滞なく、 必要な *修正及び是正処置すべてがとられることを確実にして下さい。 フォローアップには、とられた処置の検証及 *び検証結果の報告を含めて下さい。 *
9.2.2.1, 内部監査プログラム 【IATF】【限定】 *取引先企業は内部監査プロセスについて文書化し規定してください。 *そのプロセスには、品質マネジメントシステム監査、 製造工程監査、 製品監査を含むこと。 *監査プログラムはリスク、 内部及び外部パフォーマンスの傾向及びプロセスの重大性に基づいて優先付を *してください。 *プロセス変更、内部及び外部不適合、並びに顧客苦情に基づいて、監査頻度をレビューし、必要に応じて、 *調整してください。 監査プログラムの有効性は、マネジメントレビューの一部としてレビューしてください。 *
9.2.2.2, 品質マネジメント監査 【IATF】 【全体】 *取引先企業は、この品質ガイドラインに適合していることを検証するために、プロセスアプローチを使用し *てすべての品汁マネジメントシステムのプロセスの監査を実施して下さい。 *
9.2.2.3, 製造工程監査 【IATF】 【限定】 *取引先企業は、すべての製造工程の監査を実施して下さい。 *各製造工程はすべてのシフトを監査対象としてください。 *工程リスク分析 (FMEA など)、コントロールプラン及び関連文書が効果的に実施されているか確認してくだ *さい。 *
9.2.2.4, 製品監査 【IATF】 【限定】 *取引先企業は、 すべての規定要求事項への適合を検証するために、 生産及び引渡しの適切な段階で、定めら *れた頻度によって製品を監査して下さい。 *
9.3, マネジメントレビュー *
9.3.1, 一般 *経営者は、自社の品質マネジメントシステムが、 引き続き、 適切、 妥当かつ有効であることを確実にする *ために、あらかじめ定められた間隔で品質マネジメントシステムをレビューして下さい。 *
9.3.1.1, マネジメントレビュー――補足 【IATF】 【全体】 *マネジメントレビューは、少なくとも年次で実施下さい。 *内部または外部の環境変化による当社要求事項への適合のリスクに対してマネジメントレビューの頻度を *増やしてください。 *
9.3.2, マネジメントレビューへのインプット *マネジメントレビューへのインプットには、次の情報を含めてください。 *(1) 顧客及び利害関係者からのフィードバック (顧客満足度、 クレーム、) *(2) 品質目標の達成度 *(3) 製品及びサービスの適合状況 *(4) 不適合の内容及び是正処置 *(5) 不適合及び顧客クレームの集計分析結果 *(6) 監査結果 (内部監査、 顧客監査、 認証審査) *(7) 外部供給者のパフォーマンス *(8) 資源 (生産人員、設備) の妥当性 *(9) リスク及び機会への取り組みの有効性 *(10) 改善提案 *(11) 前回課題のフォローアップ *
9.3.2.1, マネジメントレビューへのインプットー補足 【IATF】【限定】 *9.3.2に加え、 次の情報を含めてください。 *(1) 新規製品又は新規工程に対する製造フィージビリティ評価 *(2)設備保全のパフォーマンス *(3) 顧客クレームによる補償 *(4) 流出した不良品が市場に与える影響 *
9.3.3, マネジメントレビューからのアウトプット *マネジメントレビューからのアウトプットには、次の事項の決定および処置を含め、記録を維持 *してください。 *(1) 改善提案に対する指示 *(2) 品質マネジメントシステム変更の必要性 *(3) 資源の必要性 *
9.3.3.1, マネジメントレビューからのアウトプット 補足 【IATF】 【全体】 *経営者は、顧客のパフォーマンス目標が達成されていない場合には処置計画をたて実行してください。 *
10., 改善 *
10.1, 一般 *取引先企業は当社要求事項を満たし、 当社満足を向上させるために、 改善のための機会を明確にし選択し、 *必要な処置を実施して下さい。 これには次の事項を含めてください。 *(1) 要求事項を満たすため、並びに将来のニーズ及び期待に取り組むための、 製品及びサービスの改善 *(2) 望ましくない影響の修正、 防止または低減 *(3) 品質マネジメントシステムのパフォーマンス及び有効性の改善 *・当社製品へ主要品質として影響が想定される、もしくは、 具体的な品質目標の指示をさせていただいた場 *合、個別に改善テーマを選定及び成果報告を求める場合があります。 *
10.2, 不適合及び是正処置 *
10.2.1,取引先企業は、 再発防止のため、不適合の原因を除去する処置をとって下さい。 *是正処置は、検出された不適合のもつ影響に応じたものにして下さい。 *(1) 不適合(当社からの苦情を含む) の内容確認 *(2) 不適合の原因の特定 *(3) 不適合の再発防止を確実にするための処置の必要性の評価 *(4) 必要な処置の決定及び実施 *(5) とった処置の記録 *(6) とった是正処置の有効性のレビュー *(7) 必要に応じ、リスク及び機会、 品質マネジメントシステムの変更を行う。 *
10.2.2, 上記事項に関する要求事項を明確にするために、文書化した手順を確立して下さい。 *
10.2.3, 問題解決 【IATF 】 【全体】 *取引先企業は、 次を含む問題解決の方法を文書化してください。 *規定されたプロセス、ツール、又は問題解決のシステムが当社から指定された場合、 そちらを適用する。 *(1) 不適合又は当社クレームの問題の大きさや規模に対する定められたアプローチの方法 *(2) 不適合なアウトプットの管理に必要な封じ込め、暫定処置、 及び関係する活動 *(3) 根本原因分析、 使用される方法論、分析及び結果 *(4) 類似のプロセス及び製品への影響を考慮する事を含む、 体系的是正処置の実施 *(5) 実施された是正処置の有効性検証 *(6) 適切な文書化した情報 ( 例 PFMEA、コントロールプラン) のレビュー及び必要に応じた更新 *当社推奨の PFMEA 様式を以下に示しますが、 必要報告項目が網羅されていれば様式は任意とします。 *<所定様式> *「PFMEA 推奨様式」 (付表-8 TC12-A03/8) *
10.2.4, ポカヨケ 【IATF】 【全体】 *取引先企業は、 ポカヨケ運用にあたり採用した手法について、 FMEA及びQC工程表へ記載してください。 *また、故障に対する対応計画を維持してください。 *ポカヨケ装置の運用には、模擬故障テストを含める。 確認の結果は始業点検表及び製造記録へ記録し、維持 *してください。マスターサンプルが使用される場合、 定期的な検証、 校正を実施してください。 *
10.2.5, 補償管理システム 【IATF】【限定】 *取引先企業の製品に対して補償を要求される場合、NTF (No Trouble Found) を含めて、補償管理 *プロセスを実行してください。 *当社に指定された場合、 その要求される補償管理プロセスを実施してください。 *NTFとは、クレームとして顧客から現品が返却されるが、 社内分析では不具合が再現せずにトラブルの *特定が困難な事象を指します。 *
10.2.6, 顧客苦情及び市場不具合の試験・分析 【IATF】 【全体】 *取引先企業は、 当社の顧客または当社苦情及び市場不具合に対して、回収された部品を含めて、 *分析をしてください。 *そして、再発防止のために問題解決及び是正処置を実施し、 試験/分析の結果とともに当社及び自社内に *速やかに報告してください。 *・調査一報は24H以内 *・応急対策は72H以内。 *・最終報告は稼働5日以内 *特に緊急を要する場合は当社の指示に従ってください。 *付表-9または付表-10を発行しますが、 必要報告項目が網羅されていれば様式は任意とします。