4,組織の状態*
4.1,組織及びその状況の理解*当社は、操業当初より金属プレス及び樹脂成型用金型の設計製作から製品加工まで一貫して提供できる強みを活かし、そのプロセスの継続的改善により、製品品質を向上し、高品質の製品を安定供給可能な品質システムを確立しています。以下に当社の活動方針及びその品質システムを示す。*経 営 理 念*1、顧客重視で仕事をしよう*2、創意工夫で極限に挑戦しよう*お客様に対する、我が社の「存在価値」を探求し、全てに安心と信頼を提供出来るよう、奉仕の心と究極の努力を持って事にあたる。*社長は、顧客要求事項及び適用される法令・規制要求事項を満たした製品及びサービスを提供する能力、及び品質マネジメントシステムの継続的改善のプロセスを含むシステムの効果的な適用、並びに顧客要求事項及び適用される法令・規制要求事項への保証を通して、顧客満足の向上を目指す能力に影響を与える外部及び内部の課題を明確にし、これらの課題の監視及びレビューの結果を基に経営戦略を立て、必要に応じて経営方針又は品質方針を更新する。**外部及び内部の課題を決定するときは、当社の置かれた環境(強み、弱み等)を理解し、次のことによって生じる結果を考慮する。*(1) 当社の目的に影響を与える可能性がある変化と傾向**(2)　関連する利害関係者の認識、及びその関係と価値観*(3)　統治課題、戦略的優先事項、内部方針及びコミットメント*(4)　資源の有効利用率と優先度及び技術的変化*外部の課題は，問題が国際、国内，地方、近隣地域を問わず、法的、技術的、競争市場、文化的、社会的、経済的及び自然的環境から生じる課題を検討する。*内部の課題は、組織の価値観、文化、力量、知識及びパフォーマンスに関する課題を検討する。*課題には検討の対象となる好ましい要因又は状態、及び好ましくない要因又は状態を含む。*これらの情報は営業部門が主管部門となり収集し書面にて経営層に報告又は部課長会議に提議し、課題を明確にする。*当社の監視対象の課題を次ページの表 に示す。*
4.2,利害関係者のニーズ及び期待の理解　*当社は、顧客要求事項並びに適用される法令・規制要求事項を満たす製品、及びサービスを一貫して提供する組織の能力に関わる影響、又は潜在的影響度を基準に営業部門が主体となり次の事項を決定する。*(1)　品質マネジメントシステムに影響を及ぼす利害関係者*(2)　これらの利害関係者の品質マネジメントシステムに関連する要求事項*当社は、これらの利害関係者、及びそれらに関連する要求事項や顧客満足に影響を及ぼす、現在及び将来のニーズや期待を理解し、常に最新の状態を維持するための情報を監視レビューする。*当社は、利害関係者のニーズ及び期待を下表によって決定する。*
4.3,品質マネジメントシステムの適用範囲の決定*当社は、4.1（組織及びその状況の理解）、4.2（利害関係者のニーズ及び期待の理解）及び当社の製品を考慮し、この品質マネジメントシステムを適用する範囲を、下表によって決定する。*
4.4,品質マネジメントシステム及びそのプロセス*
4.4.1,当社は、IATF16949の規格の要求事項に従って、4.1及び4.2を考慮し、必要なプロセス及び*それらの相互作用を含む品質マネジメントシステムを確立し、実施し、維持し、かつ、継続的に改善する。*なお、品質マネジメントシステムに必要なプロセスを、大きく次の二つに分けて明確にする。*(1)	品質マネジメントシステムを運用するプロセス（5項、6項、7項、9項、10項が相当）：*「QM001付図1品質マネジメントシステム体系図」及び「QM001付図2プロセスマップ」*(2) 製品を提供するプロセス（8項が相当）：「QM001付図3製品実現プロセス体系図」*また、それらのプロセスの当社組織への適用を「QM001付図3 製品実現プロセス体系図」*及び「QM001付表1プロセス－組織対応表」によって明確にする。さらに、プロセスとIATF16949規格要求事項の関係を「QM001付表2プロセス－規格要求事項対応表」によって明確にし、*プロセスと顧客固有要求事項の関係を「QM001付表3プロセス－顧客固有要求事項対応表」によって明確にする。*なお、プロセスについて、下表の事項を実施する*
4.4.1.1,製品及びプロセスの適合*当社は、すべての製品及びプロセスが、サービス製品及びアウトソースしたものを含めて、該当するすべての顧客、法令、規制の要求事項（8.4.2.2（法令・規制要求事項）参照）に適合することを工程ＦＭＥＡ及び検査によって確実にする。*
4.4.1.2,製品安全*当社は、製品安全に関係する製品及び製造工程の運用管理を以下によって行う。*(1) 顧客からの要求事項を含む、当社としての法令、規制の製品安全要求事項は次の通り*① 自動車の保安基準*② ＲｏＨＳ指令*③ ＲＥＡＣＨ規制*④ 製造物責任法*(2) 工程ＦＭＥＡ及び「QC工程表)」については顧客承認を得る。ただし、顧客の要求がない場合はこの限りではない。*(3) 安全に関係する製品特性及び製造時点での特性を工程ＦＭＥＡで特定し、特殊特性として管理する。*(4) 特定した特殊特性は、9.1.1.1(製造工程の監視及び測定)によって対応計画を実施する。*　(5) 定められた責任、トップマネジメントを含めた上申プロセス及び情報フローを*「文書管理番号*コンプライアンス規定」に定めて、顧客への通知を確実にする。*　(6) 製品安全に関係する製品及び関連する製造工程に携わる要員に対する、当社又は顧客によ*　　　って特定された教育訓練を教育計画に組み入れ、実施する。*　(7) 製品又は工程の変更は、工程及び製品の変更による製品安全に関する潜在的影響の評価を　*　　　工程ＦＭＥＡによって行い、実施前に承認する。*　(8) 顧客指定の供給者を含む供給者に対して、製品安全に関する要求事項を「文書管理番号*供給者に*　　　おける品質保証の手引き」に定めて、要求する。*　(9) 供給者を含めて、8.5.2.1(識別及びトレーサビリティ－補足)によって、最低限、製造ロッ　*　　　ト単位での製品トレーサビリティが取れるように識別管理を行う。供給者に対しては、「文書管理番号*供給者における品質保証の手引き」に定めて、要求する。*　(10) 新製品導入の場合は、7.1.6(組織の知識)によって、成功／失敗からの教訓を参考にする。*
4.4.2,当社は、次の事項を実施する。*(1) プロセスの運用を支援するための規定、手順書等を「QM001付表４文書（記録を含む）体系表」によって明確にし、「文書管理規定（QK001）」によって管理する。*(2) プロセスが計画通りに実施されたと確信するための記録を「QM001付表４文書（記録を含む）体系表」によって明確にし、「記録管理規定QK002）」によって管理する。*
5,リーダーシップ*
5.1,リーダーシップ及びコミットメント*
5.1.1, 一般*社長は、次に示す事項によって、品質マネジメントシステムに関するリーダーシップ、及びコミットメントを実証する。*(1) 品質マネジメントシステムの有効性に説明責任を持つ。*(2) 当社の戦略的方向性（経営理念及び経営方針）と置かれた状況、並びに利害関係者のニーズと期待に対して適切な、品質方針及び品質目標を設定する。*社長は、部課長会議において品質方針及び年度目標の制定目的や背景を説明し、部門毎に品質目標を制定させる。*品質方針及び品質目標は、各部門に掲示し全員に周知する。*(3) 当社の事業ブロセスを規格要求事項に統合させた品質マネジメントシステムを構築する。*　  （事業とは当社の存在目的の中核となる活動であり、その詳細を1.2 認証登録範囲に示す）*(4) プロセスアプローチ及びリスクに基づく考え方の利用を促進する。*(5) 品質マネジメントシステムに必要な資源は年度計画書で明確にさせ、必要に応じて提供する。また、期中における資源の増減は稟議書等で明確にさせる。*(6) 効率的な品質マネジメントシステムのため、各月の部課長会議で目標の達成状況及び対応状況を報告させ、要求事項への適合の重要性を教示し、未達の目標は必要に応じて対応を協議する。*部門責任者は、品質マネジメントシステムの要求事項、並びに製品・サービスの要求事項への適合の重要性を部門構成員に周知すること。*(7) 品質マネジメントシステムが、計画（想定した）通りの結果を達成出来ることを確実にする。*(8) 品質マネジメントシステムの有効性に貢献出来るよう、要員を積極的に参加させ、指揮し、支援する。*(9) 改善及び革新を促進する。*(10) 関係する管理層が、各自の責任の領域においてリーダーシップを発揮出来るよう、管理層の役割を支援する。*
5.1.1.1,企業責任*　   当社は、最低限、贈賄防止方針、従業員行動規範、及び倫理的上申方針（内部告発方針）を含めた企業責任方針を定めた「コンプライアンス規定(文書管理番号)」を作成し、実施する。*
5.1.1.2,プロセスの有効性及び効率*社長は、品質マネジメントシステムの有効性及び効率を評価し改善するために、品質マネジメントシステムの有効性及び効率をレビューする。プロセスレビュー活動の結果は「プロセスの監視・測定記録(文書管理番号)」にまとめ、月次の部課長会議で監視し、マネジメントレビューのインプットとしても提供する。*
5.1.1.3,プロセスオーナー*　　　社長は、当社のプロセス及び関係するアウトプットをマネジメントするプロセスオーナーを「QM001付表1プロセス－組織対応表」によって決める。プロセスオーナーは、自らの役割を理解し、その役割を実行する力量をもつものとする。*
5.1.2,　顧客重視　*社長は、次のことを確実に実施し、顧客重視に関するリーダーシップとコミットメントを実証する。*(1) 営業部門は顧客要求事項、及び該当する法令・規制要求事項を明確にし、顧客要求事項検討会にて要求事項への適合の可否、及び該当する法令・規制要求事項を明らかにし、それらに対する対応策を協議し満たせることを確実にする。*(2) 製品及びサービスの適合性、並びに顧客満足を向上させる能力に影響を与え得る、リスク及び機会を特定し、それらに取り組み顧客満足を継続して向上する。*(3) 顧客満足向上のため、部課長会議、品質向上委員会などを通じて、実施状況の確認をする。**営業部門は次の事項に関する情報を監視・収集する。*①	潜在的な顧客を含む顧客のニーズと期待を明らかする。*②	顧客及びエンドユーザーにとって重要な製品特性を明確にする。*③	市場における競争を明確にし、評価する。*④ 市場における機会、弱点及び将来の競争優位性を明確にする。*
5.2,	方針　
5.2.1,	品質方針の確立*社長は､次の事項を満たした「品質方針」を制定し、実施・レビューし、維持する。*(1) 組織の目的及び状況に対して適切であり、組織の戦略的な方向性を支援する。*(2) 品質目標の設定とレビューのための枠組みを与える。*(3) 該当する要求事項を満たすことへのコミットメントを含む。*(4) 品質マネジメントシステムの継続的改善へのコミットメントを含む。
5.2.2,- 品質方針の伝達*社長は、品質方針を文書化し部課長会議で発表後、品質方針及び年度目標制定の目的や背景を*説明し各部門に展開する。*品質方針は各部門に掲示し周知すると共に、必要に応じてWebページにも掲載する。*
5.3,-組織の役割、責任及び権限*社長は、関連する役割に対して責任、及び権限を割り当て組織内に伝達し理解させる。*(1）社長は、品質方針の確立、及びそれらに関わる活動の執行に対する全責任を持つ。*「組織図(TM002)」は社長が作成し各部門に掲示する、また、必要に応じて更新する。*(2）各部門の主要業務内容は、管理部長が「組織図(TM002)」に基づき部門責任者と協議して作成する「業務分掌(GM009)」による。*(3) 業務執行に関わる責任及び権限の詳細は、管理部部門長が作成する「職務権限(GM012)」による。*（4）管理部部門長は業務分掌及び職務権限を社長に提出し承認を得ることとする。*「組織図(TM002)」、及び「業務分掌(GM009)」、並びに「職務権限(GM012)」は、原則として部課長会議で公表後、配付し全社員に周知徹底する。**社長は、次のことに対して責任、及び権限を割り当てる。*①	品質マネジメントシステムを、JIS Q 9001：2015、或いはIATF16949:2016の規格の要求事項に確実に適合させる。*②	プロセスが、意図したアウトプットを提供出来ることを確実にする。*③ 品質マネジメントシステムのパフォーマンス、及び改善の機会、変更や革新の必要性について部課長会議に報告する。　*④ 組織全体にわたって、顧客重視を確実に促進させる。*⑤ 品質マネジメントシステムの変更を計画し実施する場合は、品質マネジメントシステムの完全性を確実に維持する。**　責任及び権限の割り当ては、「職務権限(GM012)」による。*
5.3.1,組織の役割、責任及び権限―補足*社長は、顧客要求事項が満たされることを確実にするために、責任及び権限をもつ要員を“顧客要求対応責任者”として任命する。顧客要求対応責任者は、製品実現プロセスの各段階で、下表のことに対して責任をもって対応する。
5.3.2,製品要求事項及び是正処置に対する責任及び権限*社長は、不適合となった製品又はプロセスの情報が、品質保証部長に速やかに報告される体制を構築する。製品要求事項への適合に責任をもつ製造部長は、品質問題を是正するために出荷を停止し、生産を停止する権限をもつ。これらをまとめたものを、下表に示す。
6, 計画*
6.1,　リスク及び機会への取り組み
6.1.1, 品質マネジメントシステムの計画を策定するときは、4.1に規定する課題、及び4.2に規定する要求事項を考慮し、意図した結果を達成するために、取り組む必要のあるリスク、及び機会を次のように決定する。* (1) 品質マネジメントシステムが、意図した結果を達成するために、「各月の成果報告書(文書管理番号)」、及び「年度目標達成成果報告書(文書管理番号)」、並びにＭＲにて達成状況、及びリスク並びに機会を明確にする。* (2) 営業部門の監視情報、及び内部監査結果、並びに顧客監査結果から、望ましい影響を増大し、望ましくない影響を防止又は低減する。　*(3)　(1)及び(2)項のプロセスへの影響を継続的に改善する。*
6.1.2, 当社は，次の様に計画し取り組む* (1) 6.1.1によって決定したリスク、及び機会の回避又は改善に取組む。*(2) 次の事項を行う方法を決定する。*   ① その取組みの、品質マネジメントシステムプロセスヘの、統合及び実施(4.4　*参照)。*製品の場合は「ＱＣ工程表」に、金型及び自動機に関する事項は「設計計画書(文書管理番号)」に、受注に関する事項は、営業部門が営業プロセスに反映する。*② その取組みの有効性評価*計画した結果の有効性評価は、要求事項への適合性の達成度、又は顧客  満足度で評価する。  *リスク及び機会への取組みは、製品及びサービスの適合性に対する潜在的影響と釣り合いが取れたものとする。**※リスクは、組織の目的を達成する『妨げ』となるもので、取組みの選択肢には、リスクを回避する、ある機会を追求するためにそのリスクを取る（受入れる）、リスク源を除去する、起こり易さ若しくは結果を変える、リスクを共有する、又は情報に基づいた意思決定によってリスクを保有することが含まれる。*※機会は、組織の目的を達成する『助け』となるもので、新たな慣行の採用、新技術の開発、新市場の開拓、新たな顧客への取組み、パートナーシップの構築、新たな技術の使用、及び組織のニーズ、又は顧客のニーズに取り組むためのその他の望ましく、且つ、実行可能な情報。*
6.1.2.1,リスク分析*    当社は、最低限度、製品のリコールから学んだ教訓、製品監査、市場で起きた回収・修理、苦情、スクラップ、及び手直しを「工程ＦＭＥＡ実施手順書（文書管理番号）」に含めてリスク分析を行う。*
6.1.2.2,予防処置*     当社は、製品品質の信頼性を向上させるため､各業務プロセスにおいて､不適合発生の恐れが有る潜在的な原因を抽出し､これを除去するための予防処置を以下によって実施する。*  (1) 生産前における予防処置(初期流動管理対象製品)* 　 ①工程設計段階で工程ＦＭＥＡを使用し潜在的不適合を抽出する。*  　②工程ＦＭＥＡで抽出した潜在的不適合の発生を防止するための処置の必要性を判断する。*  　③必要と判断した潜在的不適合は、工程ＦＭＥＡに登録し、対策部門を決める。*  　④対策部門は予防処置の内容と管理方法を決定し、各「ＱＣ工程表」、各「作業標準」、「作業手順書」等に定める。*  　⑤対策処置後の影響度、発生度、検出度(危険の重要度＝ＲＰＮ値は参考)が目標値まで下がったら完了とする。*  (2) 不適合の発生事例からの予防処置*  　①納入不適合の原因調査と対策が完了したら、他のライン、工程への水平展開を行う。*  　②品質内部監査で「改善の機会」として指導を受けた事例は、自主的に改善を行う。*
6.1.2.3,　緊急事態対応計画*     当社は、次の事項について「緊急事態対応規定（文書管理番号）」を作成し、実施する。*(1)	顧客要求事項が満たされることを確実にし、生産からのアウトプットを維持するのに不可欠 * 　 な全ての製造工程及びインフラストラクチャの設備に対する内部及び外部のリスクを特定し*評価する。*  (2) 顧客へのリスク及び影響に従って、緊急事態対応計画を定める。*  (3) 次のような事態において、供給の継続のために緊急事態対応計画を準備する。*　　・主要設備の故障 ・外部から提供される製品、プロセス及びサービスの中断*　　・繰返し発生する自然災害 ・火事 ・電気、ガス、水道の停止・労働力不足*    ・インフラストラクチャ故障 ・ITシステムへのサイバー攻撃*(4) 顧客の操業に影響するいかなる状況も、その程度及び期間に対して、顧客及び他の利害関係 *    者への通知プロセスを、緊急事態対応計画の補完として含める。*(5) 有効性について、定期的に緊急事態対応計画をテストする。*   サイバーセキュリティテストの実施は，サイバー攻撃のシミュレーション，当社に存在する脅威に対する定期的監視，システムダウンの影響の大きさの特定，及びシステムの脆さの優先順位付けを含む 。テストの実施は、関連する顧客の操業の中断リスクに見合うものとする。*(6) 社長を含む部門横断チームによって、緊急事態対応計画のレビューを行い、最低限、年次*      で必要に応じて更新する。*  (7) 緊急事態対応計画は「緊急事態対応規定（文書管理番号）」に定める。また、変更を正式に許可した人を含む、いかなる改訂も記述した記録を保持する。*    「緊急事態対応規定（文書管理番号）」には、生産が停止した緊急事態の後で生産が再稼働したとき*　　　及び正規のシャットダウンプロセスがとられなかった場合、製造された製品が引き続き顧客　　仕様をみたすことの妥当性確認を含める。*
6.2,-品質目標及びそれを達成するための計画策定 *当社は、品質目標のプロセスを「方針管理プロセス管理図(文書管理番号)」によって明確にし、管理*する。また、そのプロセスを以下によって実施する。*
6.2.1, 当社は、品質マネジメントシステムに必要な、関連する部門（階層及びプロセス）において、品質目標を設定する。*各部門は、社長が設定する経営方針、品質方針を受けて、年度毎に部門としての品質目標を、*「目標達成計画書(文書管理番号)」に設定し、社長の承認を得て推進する。*品質目標は、次のことを満たすように設定する。*(1) 品質方針と整合している。*(2) 監視・測定可能である。*(3) 適用される要求事項を考慮している。*(4) 製品及びサービスの適合、並びに顧客満足の向上に関連している。*(5) 伝達され、必要に応じて更新される。*当社は、品質目標に関する文書化した情報（諸方針と基本目標、「目標達成計画書(文書管理番号)」を維持する。*
6.2.2, 社長は、目標達成計画書で次の事項を明確にさせる*(1) 実施項目と実施方法（手段）*(2) 必要な資源*(3) 実施責任者*(4) 達成期限*(5) 結果の評価方法*※何をどの様な方法で、どんな材料(情報)と設備を使って、誰が責任を持って、何時までに実施・完了し、何を基準に、どのように評価し、社長に報告するのか。*
6.2.2.1, 品質目標及びそれを達成するための計画策定―補足*  　　当社は、当社全体にわたって、関連する機能、プロセス及び階層において、顧客要求事項を満たす品質目標を定め、確立し、維持する。利害関係者及びその関連する要求事項に関するレビューの結果は、最低限、年次の品質目標及び関係するパフォーマンス目標を確立する際に、考慮する。*
6.3,-変更の計画*当社で品質マネジメントシステムの変更が必要と決定した場合には(4.4参照)、計画の策定に準じて変更を実施する。*なお、主管部門の責任者は管理責任者及び関係者と協議し、関連するプロセスへの影響の有無を調べ、整合性が完全に取れていることを確認する。*変更に際しては、次のことを考慮する。*(1) 変更の目的及び変更によって起こり得る影響*(2) 品質マネジメントシステムの完全性*(3) 資源の利用可能性*(4) 責任及び権限の割り当て又は再割当て*
7,-支援*当社は、プロセスの運用に必要なインフラストラクチャ、並びに製品の適合を達成するために必要なインフラストラクチャを「設備管理プロセス管理図(文書管理番号)」によって明確にし、管理する。また、そのプロセスの手順を、以下に定めて実施する。*
7.1,-資源*
7.1.1,-一般*当社は、品質マネジメントシステムの制定や、実施、維持、継続的改善に必要な資源を「目標達成計画書(文書管理番号)」、又は「稟議書」で明確にし、社長が決定・提供する。*提供に際して、次のことを考慮する。*(1) 既存の内部資源の能力と制約*(2) 外部プロバイダから入手する必要があるもの（原材料、副資材、包装資材、電気・ガス・水道、車両燃料、消耗品、金型部品、生産設備、測定設備、包装設備、通信設備、ハ一ドウェア、ソフトウェア、加工委託、運送、修繕、校正、人財など）*
7.1.2,-人々*顧客要求事項や該当する法令規制要求事項を一貫して満たすことを確実にするために、当社は、品質マネジメントシステムの効果的運用に必要な要員を各プロセスに配置する。*
7.1.3,-インフラストラクチャ*当社は、製品及びサービスの適合性を達成するための、建物、作業場所、電気・ガス・水道などのユーティリティ、ハード／ソフトなどの各種製造設備、支援業務(輸送・通信・ソフトなど)のインフラストラクチャを提供し、以下のように維持管理し、必要な時に使用できる事を確実にする。*(1) 建物、作業場所及び関連するユーティリティ*ユーティリティの提供は、操業に見合った量の提供を随時行う。*建物・作業場所に関しては、5 Sを徹底し機能を維持すると共に点検・修理・更新等を管理管理部門長及び各工場長が、必要に応じて適宜実施する。*(2) 設備*① 製造設備*a)	製造設備（ソフトウエアを含む）は、「設備管理規定（QK007）」に従い、該当する製造設備の設置部門責任者が管理する。*b)主要該当設備には、設備番号を付し「設備管理票(文書管理番号)」を起票して経歴を記録する。*c)作業者は、手順に基づいて始業点検を行う。*d)設備に異常が発生した場合には、担当責任者に連絡し処置をする。又、必要な場合は業者に依頼して点検・修理を行う。*処置の記録は、「設備管理台帳」又は「保守管理台帳」に記録し維持・管理する。*e)設備の導入（購入・移設・売却・廃棄）については「設備管理規定（QK007）」による。*② 計測機器*全ての計測機器は、「検査機器管理規定（QK006）」に基づいて管理する。なお、計測機器の校正も同規定に基づいて行う。計測機器は校正の有効期間内でなければ使用してはならない。*(3) 支援体制*　　 　① 輸送業務は必要に応じて「供給者評価・選定規定(QK008)」により評価選定後、管理部部門長が承認し提供する。*  ② 通信・情報システムなどは、必要に応じて継続的に又はその都度常務が承認し提供する。*
7.1.3.1, 工場、施設及び設備の計画*     当社は、工場、施設及び設備の計画を策定し、改善するためにリスク特定及びリスク緩和の方法を含めて、部門横断的アプローチを用いる。レイアウトを設計する場合は次の事項を実施する。*(1)	不適合品の管理を含む、材料の投入、加工、検査、出荷までの工程の順序や部材の搬送など*を適切に実施するために「レイアウト図」を作成する。*  (2) 該当する場合には、同期のとれた材料の流れを促進する。*  (3) 製造を支援する装置及びシステムのサイバー防御の実施*  　  新製品及び新運用に対する製造フィージビリティを評価するために、方法を開発し、実施する。 製造フィージビリティ評価には、生産能力計画(顧客の生産要求事項を満たすための、ある計画時間における生産量)を含めて「製造実現可能性検討書(文書管理番号)」によって実施する(8.2.3.1.3（組織の製造フィージビリティ）参照)。これらの方法は、既存運用に対し提案された変更を評価することにも適用可能なようにする。当社は、リスクに関連する定期的再評価を含めて、工程承認中になされた変更、「QC工程表」の維持及び作業の段取り替え検証を取り入れるために、工程の有効性を維持する。製造フィージビリティ評価及び生産能力評価は、マネジメントレビューへのインプットとする。*
7.1.4,-プロセスの運用に関する環境*(1) 製造部門長及び品質保証部部門長は、プロセスの運用や製品要求事項への適合を達成するために必要な作業環境に関し、工程（又は区域）、管理項目及び管理基準を下表に定め管理する。*(2) 管理部部門長は、次に示す全社の作業環境を労働安全衛生法に従い維持管理する。*① 室内照度、騒音、振動、モニター画面連続作業時間（VDT障害）*② 前(1)項の表の工程名を除く営業・管理などの、室内温度／湿度*また、従業員の心理面など良好な作業環境を維持するために適宜、アンケート調査、提案箱設*置などを行い、従業員の動機付けや意欲向上に努める。*なお、伊勢原工場及び秋田工場については、工場長が管理部部門長と協議し代行する。*※プロセスの運用環境には、物理的、社会的、心理的、環境的要因などがある。*(騒音、振動、温度、湿度、照度、清浄度、教育訓練、作業安全、福利厚生、人間工学など)*
7.1.4.1, プロセスの運用に関する環境―補足*     当社は、製品及び製造工程のニーズに合わせて、５Ｓ活動によって事業所を整頓し、清潔で手入れされた状態を維持する。*
7.1.5, 監視及び測定のための資源 *当社は、測定機器の管理プロセスを「測定機器管理プロセス管理図(文書管理番号)」によって明確*にし、管理する。また、そのプロセスの詳細を「検査機器管理規定（QK006）」及び以下に定めて*実施する。*
7.1.5.1, 一般*規定要求事項に対する製品、及びサービスの適合の証拠として監視、又は測定をする場合には、監視測定結果の妥当性と信頼性を保証するために必要な資源を「ＱＣ工程表」及び手順書等に明示する。*当社は、提供した資源が以下を満たすことを確実にする。*(1) 実施する指定された種類の監視・測定活動に対して適切である。*(2) 測定機器は測定結果が継続的に、確実に保障できるよう「検査機器管理規定（QK006）」に従い維持する。 *当社は、監視・測定の資源が目的に適合している証拠文書を、「記録管理規定(QK002)」に従い保持する。*
7.1.5.1.1, 測定システム解析*  　当社は、各種測定機器及び試験装置の結果に存在するばらつき（測定機器及び試験装置のばらつき及び測定者のばらつき）を解析するため、各「ＱＣ工程表」に引用されている測定機器及び試験装置について統計的調査を実施する。使用する解析方法及び合否判定基準は、測定システム解析に関するレファレンスマニュアルに適合させる。顧客から別段の指示がない場合は、計量値については「ゲージＲ＆Ｒ評価記録(文書管理番号)」による“ゲージＲ＆Ｒ”による。また、外観、ゲージ検査などの計数値については「計数値ＭＳＡ報告書(文書管理番号)」による計数値ＭＳＡを使用する。また、偏り、直線性、安定性については、校正結果により判断する。詳細は「測定システム解析手順書」による。顧客が承認した場合は、他の解析方法及び合否判定基準を使用してもよい。*
7.1.5.2, 測定のトレーサビリティ*測定のトレーサビリティが法令規制要求事項、及び顧客や利害関係者の期待、並びに測定結果の妥当性の正当性を、提供するために必要不可欠である場合、測定装置は次の状態を維持*する。*(1) 定められた間隔や使用前に、国際又は国家計量標準にトレーサブルな計量標準に照らして、検証又は校正する。そのような標準が存在しない場合には、校正又は検証に用いた基準を記録した文書を維持する。*(2) 校正の状態が明確にできるよう管理ラベルなどで識別をする。*(3) 校正の状態やそれ以降の測定結果が無効になってしまう調整、損傷、劣化から保護する。*計画された検証や校正、又は使用中に測定機器に問題が発生した場合は、「検査機器管理規定（QK006）」に基づき、過去の検査記録の確認や、在庫品について再検査を行い測定値の妥当性を評価し、その結果を「検査成績書」に記録する。なお、出荷済みの製品について不適合の疑いがある場合は、顧客に連絡し処置について協議する。又、これらの妥当性の確認結果は*「検査成績書」に記録し品質保証部門で維持管理する。*
7.1.5.2.1, 校正／検証の記録*     当社は、校正／検証の記録をマネジメントするプロセスをもつ。内部要求事項、法令・規制要求事項及び顧客が定めた要求事項への適合の証拠を提供するために必要な、すべてのゲージ、測定機器及び試験装置（測定に関連する顧客所有の機器、サイト内外注業者所有の機器を含む）に対する校正／検証の結果及び処置の記録は、7.5(文書化した情報)に従って保持する。当社は、校正／検証の記録には次の詳細事項を含める。*  (1) 測定システムに影響する、設計変更による改訂*  (2) 校正／検証のために受け入れた状態で、仕様外れの値*  (3) 使用外れ状態で引き起こされ得る製品の意図した用途に対するリスクの評価*(4) 検査測定及び試験設備が、計画した検証又は校正、又はその使用中に、校正外れ又は故障が* 　発見された場合、この検査測定及び試験設備によってそれまでに得られた測定結果の妥当性に*関する記録、校正報告書に関連する手順書器の最後の校正を行った日付及び次の校正が必要に*なる期限を含めて、保持する。*(5) 疑わしい製品又は材料が出荷された場合の顧客への通知*(6) 校正／検証後の、仕様への適合の表明*(7) 製品及び工程の管理に使用されるソフトウェアのバージョンが指示どおりであることの検証*(8) すべてのゲージ（顧客所有の機器、サイト内外注購買業者所有の機器を含む）に対する校正*及び　保全活動の記録*(9) 製品及び工程の管理に使用される（顧客所有の機器、サイト内購買業者所有の機器にインス* 　トールされたソフトウェアを含む）生産に関係するソフトウェアの検証*
7.1.5.3, 試験所要求事項 *
7.1.5.3.1, 内部試験所*当社は、内部で保有する試験装置について、要求される検査又は校正を実施する*能力を含み、その適用範囲を「KSS3-04内部試験所管理手順書」に定め、管理する。*試験所は、技術要求事項として最小限、次の事項を規定し、実施する。*  (1) 試験所の技術手順の適切性*  (2) 試験所にて検査又は校正を実施する要員の力量*  (3) 製品の試験*  (4) 該当するプロセス規格（ASTM, EN，JIS）に合わせてサービスを正確に実施する能力*  (5) 要求事項になっている場合、顧客要求事項　*  (6) 関連する記録のレビュー　*
7.1.5.3.2,外部試験所 *当社は、検査、試験、又は校正を外部に依頼する場合は、次の事項のいずれかを満たしている外部試験所に依頼する。*(1)	試験所は、ISO/IEC 17025（JIS Q 17025）又はこれに相当する国内基準に認定され、該当す * る検査、試験、又は校正の認定（認定書）の適用範囲を含んでいる。*①「計量法」に基づくJCSS（校正機関認定制度）*    　 ②「工業手順書化法」に基づくJNLA（試験所認定制度）*   (2) 外部試験所が顧客に受け入れられることができるとの証拠*   　 当該機器に対して認定された試験所を適用できない場合、校正は、機器製造業者に依頼してもよい。そのような場合は、当社は、7.1.5.3.1（内部試験所）に記載された要求事項を満たすことを確実にする。*
7.1.6,-組織の知識　*当社は、プロセスの運用や製品及びサービスの適合を達成するために必要な知識を明確し、必要な範囲で利用できる状態を維持する。*変化するニーズや傾向に取り組む場合、現在の知識を考慮し、必要な追加の知識及び既存知識の更新情報を入手する方法、又は、それらにアクセスする方法を各部門で協議する。*知識の入手には、次の事項を考慮する。*(1) 部課長会議及び営業情報*(2) 改善提案データベース*(3) 自部門及び他部門の経験及び失敗例を含む知識*(4) インターネット検索*(5) 顧客や供給者を含む外部の知識*
7.2,-力量*当社は、次のことを実施する。*(1) 製品要求事項への適合に影響がある仕事に従事する要員は、適切な教育・訓練、技能及び経験を判断の根拠として、下表の力量を満している。*(2) 力量を満足さない者は、力量を備えた者の下で経験（適切な教育・訓練）を積み、必要な力量を確実に習得する。*(3) 該当する場合には、必要な力量を獲得するための処置をとり、とった処置の有効性を評価す*る。*※必要な力量を獲得する処置には、教育・訓練、指導、配置転換、力量を備えた要員の新規採用、契約社員の採用などを含む。*  (4) 力量の証拠として、「個人別教育記録（文書管理番号）」及び「作業資格(認定登録)台帳（文書管理番号）」、「スキルマップ（文書管理番号）」等を維持する。*
7.2.1, 力量―補足*  　当社は、製品及びプロセス要求事項への適合に影響する活動に従事する全ての要員の、認識（7.3.1（認識－補足）参照）を含めて、教育訓練のニーズ及び達成すべきプロセスを、7.2（力量）に定め維持する。必要に応じて、顧客要求事項を満たすことに配慮して特定の業務に従事する要員の適格性を確認する。*
7.2.2, 力量―業務を通じた教育・訓練(ＯＪＴ）*  　当社は、品質要求事項への適合、内部要求事項、規制又は法令要求事項に影響する、新規の又*　は変更された責任を負う要員（直接作業者）に対し、業務を通じた教育訓練（ＯＪＴ）（これには、*顧客要求事項の教育訓練を含む）を行う。これには、契約又は派遣の要員を含む。業務を通じた*教育訓練（ＯＪＴ）は、要員がこれまでに受けた教育及び日常業務を実行するために必要な業務*の複雑さに見合った、教育訓練計画を策定し、実施する。品質に影響し得る仕事に従事する要員*には、品質要求事項に対する不適合が顧客に与える影響について、知らせる。*
7.2.3, 内部監査員の力量　　*  　当社は、顧客固有要求事項を考慮に入れて、内部監査員の力量及び資格登録について「内監査規定(QK003)」に定めて、実施する。*
7.2.4, 第二者監査員の力量*  　当社は、第二者監査を実施する監査員の力量を実証する。第二者監査員は、監査員の適格性確認に対する顧客固有要求事項を満たし、次の力量を実証する。*(1) リスクに基づく考え方を含む、監査に対する自動車産業プロセスアプローチ*  (2) 該当する顧客及び当社の固有要求事項*  (3) 監査範囲に関係する、該当するISO9001及びIATF16949要求事項*  (4) 工程ＦＭＥＡ及び「ＱＣ工程表」を含む、監査対象となる製造工程*  (5) 監査範囲に関係する、該当するコアツール要求事項*  (6) 計画、実施、監査報告書の準備及び監査所見の完了の仕方*当社は、内部監査員の力量をもつ要員の中から、供給者に関する知識を有する者を、第二者監*査員として登録して実施する。詳細は、「供給者品質監査手順書(文書管理番号)」による。*
7.3,-認識　*当社の管理下で働く人々は、次のことに関する認識を持たせる。*(1) 品質方針（品質方針に係る自分の役割や、仕事の意義の認識を含む）*(2) 関連する品質目標*(3) パフォーマンスの向上によって得られる便益性(品質安定、不良率低減など)を含む、品質マネジメントシステムの有効性に対する自らの貢献(部門目標を達成するための意識した有意な活動)*(4) 品質マネジメントシステムの要求事項に適合しないことの意味及び弊害(信用失墜、品質悪化)*
7.3.1, 認識―補足*当社は、すべての従業員が、顧客要求事項及び不適合品に関わる顧客のリスクを含む、従業員が製品品質に及ぼす影響、並びに品質を達成し、維持し及び改善するために行う活動の重要性を認識することを実証するために、7.3（認識）に定めて実施する。*
7.3.2, 従業員の動機付け及びエンパワーメント*  　当社は、品質目標を達成し、継続的改善を行い、革新を推し進める環境を創造するために、従業員を動機付ける手順を、「提案制度運用規定(QK012) による提案制度によって明確にし、実施する。これによって、当社全体にわたって品質及び技術に対する意識の向上を図る。また、従業員が、自分の業務の意味と重要性を認識し、品質目標の達成に向けて自らどのように貢献できるか、7.4(コミュニケーション)に定める。必要な内部コミュニケーションによる徹底によって、認識向上を図る。*
7.4,-コミュニケーション*管理部長は、次のものを含む、品質マネジメントシステムに関係する内部コミュニケーションの実施方法を決定する。*(1) コミュニケーションの内容及び／又は目的*(2) コミュニケーションの実施時期*(3) コミュニケーションの対象者*(4) コミュニケーションの方法*内部コミュニケーションの詳細は「基本会議体(GM0016)」による。*外部とのコミュニケーションは、8.2.1(顧客とのコミュニケーション)に準ずる。*
7.5, 文書化した情報　　*
7.5.1,-一般*当社の品質マネジメントシステムには、次のことを含む。*(1) ISO9001及びIATF16949規格が要求する文書化した手順として、「文書管理規定（QK001）」、「記録管理規定（QK002）」、「内部監査規定（QK003）」、「不適合品管理規定（QK004）」及び「是正処置・予防処置規定（QK005）」を定める。*(2) 品質マネジメントシステムの有効性のために必要であると当社が決めた文書化した手順*プロセスの効果的な計画、運用及び管理を確実なものとするために、当社が必要と判断した文書は、部門の規模、活動の種類、プロセスの複雑さ、並びに要員の力量などを考慮し、7.5.2(作成及び更新)の文書体系図に従い文書化する。*(3) 社長は、品質方針及び品質目標を、売上目標などと共に年度毎に策定し文書化して表明*する。*※品質マネジメントシステムのための文書化の程度は、次の事項を考慮し、7.5.2(作成及び更新)の文書体系図に従い文書化する。*①  当社の規模や、活動、プロセス、製品及びサービスの種類*①	 プロセス及びその相互作用の複雑さ*②	 要員の力量*③	 顧客要求事項及び法令・規制要求事項*
7.5.1.1,品質マネジメントシステムの文書類*     当社は、7.5.1（一般）に従って，品質マニュアルを頂点とする品質マネジメントシステム文書を作成する。品質マニュアルには、最低限度次の事項を含める。*(1)	適用除外の詳細及び正当化理由を含む品質マネジメントシステムの適用範囲を4.3 （品質マネジメントシステム の適用範囲の決定)に定める。*(2)	品質マネジメントシステムのために確立された文書化されたプロセス及びそれらの参照を当マニュアル及び「QM001付表4文書（記録を含む）体系表」に定める。*(3)	アウトソースしたプロセスの管理の方式及び程度を含む組織のプロセス並びにそれらの順序* 　 及び相互作用（インプット及びアウトプット）を4.4 （品質マネジメントシステム及びその*　  プロセス）に定める。*(4)	当社の品質マネジメントシステムの中の、どこで顧客固有要求事項に対応しているかを「QM001付表3プロセス－顧客固有要求事項対応表」に定める。*
7.5.2,-作成及び更新*品質マネジメントシステムの文書の作成及び更新には、次の事項を含める。*(1) 適切な識別及び記述(表題、日付、作成及び承認者、参照番号など)*(2) 適切な形式(言語、ソフトウェアの版、図表など)及び媒体(紙、電子媒体など)*(3) 適切性及び妥当性に関する、適切なレビュー及び承認*第一階層文書・・・品質マニュアル、組織図、品質方針、品質目標、諸方針と基本目標*第二階層文書・・・規定類、業務分掌、職務権限、基本会議体、QC工程表*第三階層文書・・・（契約書、手順書書、手順書、外部文書、計画書、図面、部門目標、指示書、注文書）類*第四階層文書・・・（記録、議事録、台帳）類*
7.5.3,-文書化した情報の管理*
7.5.3.1, 品質マネジメントシステム及びISO9001及びIATF16949規格が要求している文書化した情報は、次のことを保証するために「文書管理規定（QK001）」に従い管理する。*(1) 文書化した情報が、必要な時に、必要な所で、入手でき、利用に適した状態にある。*(2) 文書化した情報が、充分に保護されている。(機密性の喪失、不適切な使用、完全性の喪失からの保護)*
7.5.3.2, 当社は、文書化した情報の管理に当たって、該当する場合には、次の活動に取り組む。*(1) 配付、アクセス、検索及び利用*(2) 読みやすさが保たれることを含む、保管及び保存*(3) 変更の管理(版の管理など)*(4) 保持及び廃棄*品質マネジメントシステムの計画及び運用のために、当社が必要と決定した外部文書は、必要に応じて識別管理する。*適合の証拠として保持する文書は、「文書管理規定（QK001）」及び「記録管理規定（QK002）」に従い意図しない改変から保護する。*注記：アクセスは、文書の閲覧のみの許可、又は、文書の閲覧及び変更する許可及び権限に関する決定などを意味する。*
7.5.3.2.1,記録の保管*  　　当社は、記録の保管について、以下の事項を含めて「記録管理規定(QK002)」に定めて管理*する。*  (1) 記録の管理は、法令、規制、当社及び顧客要求事項を満たす。*  (2) 生産部品承認、冶工具の記録（保全及び保有者を含む），工程設計の記録、購買注文書、契*   　 約書及びその修正事項は、製品が生産要求事項に対して有効である期間に加えて１暦年、保持する。*
7.5.3.2.2,技術仕様書*  　　当社は、顧客の技術規格／仕様書及び関係する改訂に対して、要求される顧客スケジュールに基づいて、レビュー、配布及び実施を記述した記録として、「外部文書管理台帳(文書管理番号)」に記録する。技術規格／仕様書の変更が、製品設計変更になる場合は、8.3.6（設計の変更）によって処置する。*      製品実現プロセスの変更になる場合は、8.5.6.1（変更の管理－補足）によって処置する。当社は、更新された文書も含め、生産によって実施された各変更の日付の記録を保持する。レビューは、技術規格／仕様書の変更を受領してから、極力、１０稼働日以内に完了させる。外部文書の管理についての詳細は、「文書管理規定(QK001)」に規定する。*
8, 運用*
8.1, 運用の計画及び管理*当社は、次に示す事項の実施によって、製品の要求事項を満たすため、並びに6.1(リスク及び機会への取組み)で策定した計画を実施するために必要なプロセスを、顧客要求事項検討会、及びDR会議を中心に、関係部門で協議し、計画し、実施・管理する。*a) 営業部門は、製品に関する要求事項をレビューし決定後、製造指示書を発行する。*b) 品質保証部門は、プロセスの基準や製品の合否基準を決定する。*c) 製品の要求事項への適合を、達成するために必要な資源を決定する。*d) 「ＱＣ工程表」に従ってプロセスを管理する。*e) プロセスが計画通りに実施され、製品が要求事項に適合している証拠を示すために必要な記録を維持する（「ロット管理表(文書管理番号)」、「工程検査記録票(文書管理番号)」、「検査成績書」など）。この計画のアウトプットには、「顧客要求事項検討会議事録(文書管理番号)」、「金型の設計計画書(文書管理番号)」、「ＱＣ工程表」、「金型製作依頼表(文書管理番号)」、「製造指示書(文書管理番号)」などがある。*各部門は、金型及び支援設備並びに製品の製造の変更の計画を管理し、意図しない変更によって生じた結果をレビューし、必要に応じて、有害な影響を軽減する処置をとる。*管理部門は、8.4(外部から提供されるプロセス、製品及びサービス)に従って、外部委託（内*　 部を含む）したプロセスを確実に管理する。*8.1 運用の計画及び管理―補足*製品実現の計画をする際は、次の事項を含む製品実現の計画の概要を「APQP手順書（文書管理番号）」に示す。*(1) 顧客の製品要求事項及び技術仕様書*(2) 物流要求事項*(3) 製造フィージビリティ*(4) プロジェクト計画（8.3.2（設計・開発の計画）参照）*
8.1.2, 機密保持*当社は、顧客と契約した開発中の製品及びプロジェクト、並びに関係製品情報の機密保持を次によって確実にする。*(1) 顧客との取引基本契約において要求されている機密保持については、顧客要求を満足した管理方法を構築し、実施する。*(2) 機密の文書（紙）がある場合は、管理責任者を決め、鍵付きのロッカーに保管し、管理する。また、データ（電子媒体）の場合は、パスワードによって管理する。*
8.2, 製品に関する要求事項*当社は、営業のプロセスを「営業プロセス管理図(文書管理番号)」によって明確にし、管理する。また、そのプロセスの流れを「営業プロセスフロー(文書管理番号)」に示す。以下にその手順を定めて、実施する。*
8.2.1, 顧客とのコミコニケーション*営業部及び関係部門は、顧客とのコミュニケーションの方法を次に様に定め実施する。*
8.2.1.1, 顧客とのコミュニケーション一補足*当社は、記述された又は口頭によるコミュニケ―ションは、顧客により決まったコンピュ*―タ言語及び書式を含めて、必要な情報を伝達できるようにする。指定された一例として以下のようなものがある。*(1) 電子データ交換（ＥＤＩ）*(2) ＣＡＤデータ*(3) デザインデータ*
8.2.2, 製品に関する要求事項の明確化*営業部門は、顧客に提供する製品に関する要求事項を明確にするする時、次の事項を確実にする。*(1) 製品の要求事項(組織が必要と判断した事項を含む)や、該当する法令規制要求事項を明確にする。*(2) 提供する製品に関する要求事項を具体化する能力を有することを確認する。*
8.2.2.1,製品に関する要求事項の明確化－補足*これらの要求事項には、製品及び製造工程について組織の知識の結果としてリサイクル、環境影響及び特性を含める。適用される法令・規制要求事項への適合には、材料の入手、保管、取扱い、リサイクル、除去、又は廃棄に関係する、すべての該当する政府、安全規制及び環境規制を含める。*
8.2.3, 製品に関する要求事項のレビュー*
8.2.3.1,営業部門は、製品を受託する前に、顧客に提供する製品に関する要求事項を満たす能力を、当社が有することを確認し、次の事項を含め、レビュー（新規製品の場合は顧客要求事項検討会）を実施する（設備、技術、品質、数量、納期、価格など）。*(1) 顧客が規定した要求事項（契約書類、図面、注文書、引渡し及び引渡し後の活動に関する要求事項などを含む）*(2) 顧客が明示していないが、指定された用途又は意図された用途が既知である場合、それらの用途に応じた要求事項*(3) 当社が規定した要求事項*(4) 製品に適用される法令規制要求事項*(5) 以前に提示されたものと異なる、契約又は注文の要求事項*以前に提示されたものと異なる契約又は注文の要求事項は、関係部門又は／及び顧客と協議調整し受託する前に確実に解決する。*顧客がその要求事項を書面で示さない場合には、営業部は必要に応じて関係部門と協議し、要求事項を書面（電子文書を含む）にして受諾前に顧客に確認する。*
8.2.3.1.1,製品に関する要求事項のレビュー－補足*当社は、正式なレビューのための、8.2.3.1に述べられている要求事項に対する顧客が正式許可した免除申請の記録を保持する。*
8.2.3.1.2,顧客指定の特殊特性*当社は、顧客の図面、仕様書等で特殊特性の指定がある場合、文書化及び管理に対する顧客要求事項を確認し、顧客指定の特殊特性記号を工程ＦＭＥＡ、各「ＱＣ工程表」及び作業手順書、手順書などに記載して管理する。*
8.2.3.1.3,組織の製造フィージビリティ*当社は、製造工程が一貫して、顧客の規定した全ての技術及び生産能力の要求事項を満たす製品を生産できることが実現可能か否かを判定するための分析を実施するために、部門横断的アプローチを利用する。このフィージビリティ分析を、当社にとって新規の製造技術又は製品技術に対して、及び変更された製造工程に対して実施する。加えて、生産稼働、ベンチマーキング調査、又は他の適切な方法で、仕様どおりの製品を要求される速度で生産する能力の妥当性確認を行う。これらの記録は、「製造実現可能性検討書(文書管理番号)」に記録する。*
8.2.3.2, 当社は，該当する場合には、必ず、次の事項に関する文書化した情報を、*　「記録管理規定（QK002）」に基づき維持管理する。*(1) レビューの結果の記録及びそのレビューを受けてとられた処置の記録*(2) 製品及びサービスに関する新たな要求事項*
8.2.4, 製品に関する要求事項の変更 *製品に関する要求事項が変更された場合には、当該部門は関連する文書化した情報を確実に回収、又は修正する。又、変更後の要求事項を、関係する要員に確実に理解させる。*なお、文書化した情報には、製品図面、金型図面、ＱＣ工程表、指示書、手順書、検査記録、出荷記録などがあり、変更を実施する前に6.3( 変更の計画)に従い、関連するプロセスへの影響の有無及び整合性を確認し、8.5.6 (変更の管理)に従いレビューを実施する。*
8.3,  製品の設計・開発 *
8.3.1, 一般 *当社は、製品の設計・開発は行っていないため適用不可能である。当社としては、設計・開発*プロセスとして工程設計を「工程設計プロセス管理図(文書管理番号)」によって明確にし、管理する。また、そのプロセスの流れを「工程設計プロセスフロー(文書管理番号)」に示す。金型については、「QM001付図4量産金型の設計製作業務フロー」に示す。以下にその手順を定めて、実施する。*
8.3.1.1,製品の設計・開発ー補足*8.3.1(一般)の要求事項は、製造工程の設計・開発に適用し、不適合の検出よりも不適合の予防を重視する。このために、工程ＦＭＥＡにおいては検出度よりも発生度に重点をおいてそのランク(リスク)を下げる。*
8.3.2, 設計・開発の計画 *当社の設計・開発を、以下の２通りに分けて管理する。*(1) 工程設計の計画(金型及び製造用設備の設計計画を除く)*対象文書は、8.3.5.2（工程設計からのアウトプット）による。*①	次の事項を考慮し、「製造工程設計計画/実績書（文書管理番号）」によって計画する。*a) 工程設計活動の性質，期間及び複雑さ*b) 要求されるプロセス段階。これには適用される工程設計のレビューを含む。*c) 要求される，工程設計の検証及び妥当性確認活動*d) 工程設計プロセスに関する責任及び権限*e) 工程設計のための内部資源及び外部資源の必要性*f) 工程設計プロセスに関与する人々の間のインタフェースの管理の必要性*g) 工程設計プロセスへの顧客及びユーザーの参画の必要性*h) 以降の製品の提供に関する要求事項*i) 顧客及びその他の密接に関連する利害関係者によって期待される，工程設計プロセス)の管理レベル*k) 工程設計の要求事項を満たしていることを実証するために必要な記録*(2) 金型及び製造用設備の設計計画*設計製作業務は、製品の製造に使用するプレス加工用、及び成形加工用の金型並びに製造用設備の設計製作であり、新規性の高い製品と既存製品に酷似した製品とに分類される。*① 設計製作活動の詳細は、「QM001付図4量産金型の設計製作業務フロー」及び「設計計画書(文書管理番号)」で明確にする。技術部門長は、設計製作段階の各プロセスにおいて、製品品質や開発日程に支障が生じると判断した場合、関係部門と協議し「設計計画書(文書管理番号)」を適宜更新する。*② 設計製作段階に適したレビュー、検証及び妥当性確認*a) 技術部門は、営業部門からの製造指示を受けて、「設計計画書(文書管理番号)」を作成し、担当課長が承認をする。*b) 新規性の高い製品の製造用金型の設計製作業務は、「QM001付図4量産金型の設計製作業務フロー」による。新規性、既存性を含め製造用設備については、適用可能な範囲で「QM001付図4量産金型の設計製作業務フロー」に従う。*c) 既存製品に酷似した製品の金型の設計製作業務は、「QM001付図4量産金型の設計製作業務フロー」において、必要に応じて設計責任者の判断によりDR（金型製作・試作移行会議）及び設計検証を省略する。*なお、試作品を除く金型の「設計計画書(文書管理番号)」には省略理由を明記し、担当課長が承認する。*d) 試作製品の金型の設計製作業務は、「QM001付図4量産金型の設計製作業務フロー」を基準に、設計責任者の判断で省略することがある。なお、試作製品の性質上、生産性確認は必要としない。*③ 設計製作に関する責任及び権限は、「設計計画書(文書管理番号)」で明確にする。*④ 製品に特有なプロセス及び文書の確立の必要性、並びに資源の提供の必要性は、DR及び／又は品質保証部門・製造部門間の協議により決定し、「設計計画書(文書管理番号)」、「QC工程表」及び関連する手順書などで明確にする。*⑤ 設計製作段階の効果的なコミュニケーションと、責任の割り当てを確実にするために、設計製作に関与するグループ間のインタフェースを「QM001付図4量産金型の設計製作業務フロー」に示す。なお、担当課長は、各部門間のインタフェースを運営管理するために、必要に応じて打ち合わせや会議を開催する。*⑥ 設計・開発プロセスにおいて、製品仕様の変更が必要になった場合は、営業部が窓口となり顧客と協議する。*⑦ 引渡し後の活動には、保証に関する取り決め、メンテナンスサービス及びリサイクル又は最終廃棄のような補助的サービスも含む。 *⑧ 設計・開発の要求事項を満たしていることを実証するために必要な文書類は、「記録管理規定(QK002)」に従い維持管理する。*
8.3.2.1,設計・開発の計画-補足*当社は、工程設計プロセスに、影響を受ける社内の利害関係者及び、必要に応じて、供給者を含める。そのような部門横断的アプローチとして、必要に応じて、次の事項を実施する。*(1) 代替の製造工程案の使用を検討する工程設計の活動*(2) 工程ＦＭＥＡの実施及び工程フロー、「ＱＣ工程表」、及び作業手順書のレビュー*
8.3.2.2,工程設計の技能*当社は、工程設計の責任を負う要員が、設計要求事項を実現する力量をもち、適用されるツール及び手法の技能をもつことを各「スキルマップ(文書管理番号)」によって確実にする。*
8.3.2.3,組込みソフトウェアを持つ製品の開発（適用不可能）*
8.3.3, 設計・開発へのインプット*設計製作へのインプットは、特定の種類の製品及びサービスに不可欠な要求事項を下表のように担当部門を決め、営業部門が主催する顧客要求事項検討会でレビューし要求事項を明確にする。レビューの記録は「顧客要求事項検討会議事録(文書管理番号)」に記録し、「記録管理規定(QK002)」により維持管理する。*製品要求事項に関するインプットについては、営業部門がその適切性をレビューする。*技術部門担当課長は営業部門のレビューに基づき、「設計計画書(文書管理番号)」でインプット事項を明確にする。インプットは、設計・開発の目的に対して適切で、漏れがなく、曖昧ではなく、かつ、相反することがないこと。*
8.3.3.1,製品設計へのインプット（適用不可能）*
8.3.3.2,工程設計へのインプット*当社は、工程設計へのインプット要求事項を「工程設計計画／実績管理表(文書管理番号)」で明確にし、レビューする。レビューでは、工程設計へのインプット要求事項として、次の事項のうち必要なものが揃っているか確認する。*(1) 特殊特性を含む、顧客における製品設計からのアウトプットデータ*(2) 生産性、工程能力、タイミング（工程設計の納期）、及びコストに対する目標*(3) 製造技術の代替案（例えば、生産性を考慮して機械加工から鋳物にできないかなど）*(4) もしあれば、顧客要求事項（特殊特性に関する個別要求、工程能力など）　　*(5) 過去の開発からの経験(7.1.6(組織の知識)の情報など)*(6) 新材料（鉄鋼からアルミニウム合金への変更など）　*(7) 製品の取扱い及び人間工学要求事項（ＩＥなどを考慮した作業し易い工程設計など）　　　*(8) 製造設計（作り易い設計）、組立設計（組み立て易い設計）*工程設計には、問題の大きさに応じて適切な程度で、遭遇するリスクに釣り合う程度のポカヨケ手法の採用を含める。*
8.3.3.3,特殊特性*顧客によって規定された、また、当社によって実施された工程ＦＭＥAによって特殊特性を特定する。それには次の事項を含める。その手順を「特殊特性等設定・管理手順書(文書管理番号)*」に定めて実施する。*(1) 図面（必要に応じて），工程ＦＭＥＡ、「QC工程表」及び作業手順書への全ての特殊特性記号の記載*(2) 特殊特性に対する管理及び監視方法の各「QC工程表」及び作業手順書への記載*(3) 要求がある場合、顧客規定の承認*(4) 顧客規定の定義及び記号、当社で定めた同等の記号若しくは表記法への適合。記号変換表は、要求されれば顧客に提出する。*
8.3.4,設計・開発の管理*当社は，次の事項を確実にするために，工程設計プロセスを以下の２通りに分けて管理す*る。*(1) 工程設計の管理(金型及び製造用設備の設計管理を除く)*① 達成すべき結果を工程能力として定める。*② 工程設計の結果の，要求事項を満たす能力を評価するために，「製造工程設計計画/実績書文書管理番号)」で決められた段階で、関係者によるレビューを行う。　* ③ 工程設計からのアウトプットが，インプットの要求事項を満たすことを確実にするため* に，検証活動を行う。*④ 結果として得られる製品が，指定された用途又は意図された用途に応じた要求事項を満たすことを確実にするために、計画した方法に従って工程設計の妥当性確認を、次によ って実施する。*a)「製造工程設計計画/実績書（文書管理番号）」の指定された最終段階で、工程設計担当者が、工程設計の妥当性確認を実施する。*b) 妥当性確認は、製品の試作品を用いて、それが顧客の使用条件･環境で所定の性能を発揮することを確認する。具体的な妥当性確認方法としては次のような方法があり、製品引き渡し前に完了させる。*　  　   ・フィールドテスト*　  　   ・顧客による承認*　  　     なお、この妥当性確認によって、問題があると指摘された項目については、随時*修正を行う。*⑤ レビュー，又は検証及び妥当性確認の活動中に明確になった問題に対し必要な処置を*とる。*⑥これらの活動についての記録を「製造工程設計計画/実績書（文書管理番号）」に記録し保持する。*(2) 金型及び製造用設備の設計管理*① 達成すべき結果は、「設計検証チェックリスト(文書管理番号)」で明確にする。*② 設計製作の結果が要求事項を満たせるかどうかを評価するため、計画に従いDR（金型製作・試作移行会議）でレビューを行う。*DRでは、顧客要求事項、「設計計画書(文書管理番号)」、組立図などについて審議し問題を明確にする。問題点が発見または確認された場合は、必要な処置を提案する。担当課長は、提案された処置の適合性を確認し、必要な処置をとる。*DR（金型製作・試作移行会議）の参加者は、基本会議体による。*③ 設計製作からのアウトプットが、インプットで与えられている要求事項を満たしているこ*とを確実にするために、計画された通りに検証を実施する。*設計検証は、担当課長が関係部門を召集し「設計検証チェックリスト(文書管理番号)」により実*施する。*④ 製品が指定された用途、又は意図された用途に応じた要求事項を満たし得ることを確* 実にするために、計画した方法に従って妥当性確認を実施する。*       設計の妥当性確認は、試作品検査合格、及びプレス型500Shot以上、その他50Shot以上の試打ちによる生産性の確認で行う、確認結果は妥当性の確認記録に記録する。また、製品の妥当性確認はCpkにて確認し【1.33≦Cpk≦1.67条件付合格(改善の検討が必要）、Cpk＞1.67合格】品質保証部長が製品認定を行う。なお、最終的な製品の妥当性確認は顧客が行う。*⑤ 検証及び妥当性確認において、問題が発見された場合は、担当課長は、関係部門の責任者と協議し必要な処置をとる。*⑥ 品質保証部長は、顧客からの合格通知、妥当性の確認記録、Cpkデータ、及び量産に必要な「ＱＣ工程表」、手順書等の文書情報が適正であることを確認し量産指示を行う。*⑦ 設計製作活動及びその結果の記録（是正処置を含む）は、DR議事録に記録し「記録管理規定(QK002)」により維持管理する。*
8.3.4.1, 監視*工程設計の節目の段階で、設計が「工程設計計画／実績管理表(文書管理番号」、又は「設計計画書(文書管理番号)」で計画した通りに行われているか、効果的、効率的に行われているか測定項目を定め、分析し、その要約した結果をマネジメントレビューへのインプットとして報告する(（9.3.2.1マネジメントレビューへのインプット－補足）参照）。顧客に要求される場合、工程の開発活動の測定項目は、規定された段階で顧客に報告する、又は顧客の合意を得る。*
8.3.4.2, 設計・開発の妥当性確認*工程設計の妥当性確認は、該当する産業規格及び政府機関の発行する規制基準を含む、顧客要求事項に従って実行する。工程設計の妥当性確認のタイミングは、該当する場合には、顧客規定のタイミングに合わせて計画する。*
8.3.4.3, 試作プログラム*顧客から要求される場合、当社は、試作プログラム及び試作「ＱＣ工程表」を作る。当社は、可能な限り、量産で使用する同一の供給者、冶工具、及び製造工程を使用する。タイムリーな完了及び要求事項への適合のために、全ての性能試験活動を監視する。これらの業務をアウトソースする場合、当社は、アウトソースしたサービスが要求事項に適合することを確実にするために、管理の方式及び程度を品質マネジメントシステムの適用範囲に含める。*
8.3.4.4, 製品承認プロセス*顧客に定められた要求事項に適合する、製品及び製造の承認プロセスを、確立し、実施し、維持する。当社は、自らの部品承認を顧客に提出するのに先立って、外部から提供される製品を8.4.3（供給者に対する情報）によって承認する。当社は、顧客に要求される場合、出荷に先立って、文書化した顧客の製品承認を取得する。詳細は「ＰＰＡＰ手順書(文書管理番号）」による。*
8.3.5, 設計・開発からのアウトプット*設計・製作からのアウトプットは、インプットと対比した検証ができるような様式で提示する。また、次の段階に進める前に、承認を受ける事。承認者及び関連部門の関係は次表に示す。*
8.3.5.1,設計・開発からのアウトプット-補足(適用不可能)*
8.3.5.2,工程設計からのアウトプット*当社は、工程設計からのアウトプットを、工程設計へのインプットと対比した検証ができるように文書化する。工程設計からのアウトプットには、次の事項を含める。*(1) 仕様書及び図面*製造工程の設計仕様書及び図面であり、生産用冶工具の仕様書・図面、検査ゲージ仕様・図面などがある。*(2) 製品及び製造工程の特殊特性*作成手順は、「特殊特性等設定・管理手順書(文書管理番号)」による。*(3) 特性に影響を与える、工程加工条件の特定*「製品実現可能性検討書(文書管理番号)」、打ち合せ時の議事録に記録する。*(4) 設備及び工程の能力調査を含む、生産及び管理のための冶工具及び設備*各「ＱＣ工程表」、製造工程、各作業手順書への治工具及び設備の記載。工程能力の評価手順は「工程能力評価手順書(文書管理番号)」による。*(5) 製品、工程、及び冶工具のつながりを含む、製造工程フローチャート／レイアウト* 　　　 製造工程フローを含む各「ＱＣ工程表」、各「レイアウト図」の作成　*(6) 生産能力の分析*「月次生産計画(文書管理番号)」による分析*(7) 工程ＦＭＥＡ* 作成手順は、「工程ＦＭＥA実施手順書(文書管理番号)」による。　*(8) 保全計画及び指示書*  保全計画は、「設備管理規定（QK007）」による。*(9) ＱＣ工程表（IATF16949附属書Ａ参照）*作成手順は「ＱＣ工程表作成手順書(文書管理番号)」による。*(10)手順書作業及び作業指示書*各「ＱＣ工程表」に基づいて作成する作業手順書（8.5.1.2参照）*(11) 工程承認の合否判定基準*特殊工程の承認合否判定基準（8.5.1(6)参照）*(12) 品質、信頼性、保全性及び測定性に対するデータ*(13) 必要に応じて、ポカヨケの特定及び検証の結果*工程ＦＭＥＡの結果、ポカヨケが必要なものは、各「ＱＣ工程表」に反映*(14) 製品／製造工程の不適合の迅速な検出、フィードバック、及び修正の方法　 * ① 製品の不適合*・ 迅速な検出は、各「ＱＣ工程表」における製品検査段階の指示及び8.6（製品のリリース）による検査方法によって実施*・ フィードバックの方法は、8.7（不適合品の管理）によって実施*② 製造工程の不適合*・ 迅速な検出は、9.1.1.1（製造工程の監視及び測定）によって実施*
8.3.6, 設計・開発の変更*技術部門及び/又は営業部門は、要求事項への適合に悪影響を及ぼさないことを確実にするために必要な程度まで、製品及びサービスの設計・開発の間、又はそれ以降に行われた変更を識別し、レビューし管理する。*顧客の製品変更は、営業部門が製品の変更内容を明らかにし、品質保証部長が製造に伴う変更をレビューし承認する。変更内容が製造設備に及ぶ場合は、生産技術課長が責任を持って対処する。*技術課長は、製品変更及び、金型の設計製作段階で金型の設計変更が必要と判断した場合、変更内容を明確し必要に応じて関係部門とレビューし、悪影響を防止するために、検証及び妥当性確認のための設計変更会議を適宜行い、その変更を実施する前に技術課長が承認する。*設計・開発の変更のレビューには、金型を構成する要素及び悪影響を防止するための処置を含める。設計・開発の変更及びレビューの結果の記録並びに実施した処置の記録は、設計変更会議議事録に記録し、「記録管理規定(QK002)」により維持管理する。なお、得られた知見は後の設計に応用する。*
8.3.6.1, 設計・開発の変更-補足*当社又はその供給者から提案されたものも含めて、初回の製品承認の後の全ての設計変更を、組付け時の合い、形状、機能、性能、及び／又は耐久性に対する潜在的な影響を工程ＦＭＥＡで評価する。これらの変更は、生産で実施する前に、顧客要求事項に対する妥当性確認を実施して、内部で承認する。顧客から要求される場合、当社は、文書化した承認、又は文書化した免除申請を、生産で実施する前に顧客から得る。*
8.4, 外部から提供されるプロセス*
8.4.1, 一般*当社は、購買のプロセスを「購買プロセス管理図(文書管理番号)」によって明確にし、管理する。*また、その手順を「購買管理定(文書管理番号)」及び以下に定めて、実施する。管理部門は、外部から提供されるプロセス、製品及びサービスが規定要求事項に適合していることを確実にする。*次の事項に該当する場合には、外部から提供されるプロセス、製品及びサービスに適用する管理を決定する。*(1) 外部提供者からの製品及びサービスが、当社自身の製品に組み込むことを意図したものである場合。*(2) 製品及びサービスが、当社に代わって、外部提供者から顧客に直接提供される場合。*(3) プロセス又はプロセスの一部が、当社の意思決定として、外部提供者から提供される場合。*管理部門は、要求事項に従って、プロセス、製品及びサービスを提供する供給者の能力を判断の根拠として、外部提供者を評価、選定、及びパフォーマンスの監視、並びに再評価を行うための基準として「供給者評価・選定規定（QK008）」を定める。*管理部門は、これらの活動及びその評価によって生じる必要な処置について、文書化した情報を「記録管理規定（QK002）」に従い維持管理する。*
8.4.1.1, 一般-補足*当社は、サブアセンブリ、整列、選別、手直し及び校正サービスのような、顧客要求事項に影響する全ての製品及びサービスを、外部から提供される製品、プロセス、及びサービスの定義の範囲に含める。*
8.4.1.2, 供給者選定プロセス*当社は、供給者選定プロセスを8.4.1によって行う。選定プロセスには次の事項を含める。*(1) 選定される供給者の製品適合性、及び顧客に対する組織の途切れない供給に対するリスクの評価*(2) 関連する品質及び納入パフォーマンス*(3) 供給者の品質マネジメントシステムの評価*(4) 部門横断的意思決定*考慮することが望ましい、他の選定基準には、次の事項が含まれる。*－自動車産業の規模（絶対値及び事業全体における割合）*－財務的安定性*－購入された製品、材料、又はサービスの複雑さ*－必要な技術（製品又はプロセス）*－利用可能な資源（例：人材、インフラストラクチャ）の適切性*－製造の能力*－変更管理プロセス*－事業継続計画（例：災害への準備、緊急事態対応計画）*－物流プロセス*－顧客サービス*
8.4.1.3, 顧客指定の供給者*顧客に規定された場合、当社は、製品、材料、又はサービスを顧客指定の供給者から購買する。8.4の全ての要求事項（IATF16949の8.4.1.2の供給者選定プロセスは除く）は、当社と顧客の間で契約によって定められた特定の合意がない限り、顧客指定の供給者の管理に対して適用する。*
8.4.2, 管理の方式及び程度*管理部門は、外部から提供されるプロセス、製品及びサービスが、顧客に一貫して適合した製品、及びサービスを引き渡す当社の能力に悪影響を、及ぼさないことを確実にする。*外部から提供されるプロセス、製品及びサービスに適用する管理の方式と程度は、その後の製品実現のプロセス、又は最終製品に及ぼす影響を考慮し、下表の通り定める。*管理部門は次の事項を確実に行う。*(1) 外部から提供されるプロセスを、当社の品質マネジメントシステムの管理下に留めることを確実にする。*(2) 外部提供者に適用するための管理を、「供給者評価・選定規定（QK008）」に定め、そのアウトプットに適用するための管理を(4)項に定める。**(3) 次の事項を考慮に入れる。*① 外部から提供されるプロセス、製品及びサービスが，顧客要求事項及び適用される法令・規制要求事項を、一貫して満たす当社の能力に与える潜在的な影響*② 外部提供者によって適用される管理の有効性*(4) 外部から提供されるプロセス、製品及びサービスが要求事項を満たすことを確実にするために必要な検証を、受領前に下表の内容で実施する。*
8.4.2.1, 管理の方式及び程度-補足*プロセスの一部を外注する加工外注、外部から提供される製品、プロセス並びにサービスに対し、当社及び外部顧客の要求事項への適合を検証するために用いる管理の方式及び程度は、8.6.4(外部から提供される製品の適合の検証及び受入れ）による。特性又は、構成部品が妥当性確認又は管理を受けずに当社の品質マネジメントシステムを経由しないで顧客に納入する場合、当社は製造時点で適切な管理を行う。*
8.4.2.2, 法令・規制要求事項*製品が、顧客から指示された場合、製造する国・地域、販売する国・地域の現在該当する法*令・規制要求事項（安全規制、環境要件、有害物質に関する規制など）に適合することを確実*にするために、必要なチェックリストを作成し、確認する。顧客が、それらの法令・規制要求*事項をもつ製品に対して特別管理を定めているならば、当社は供給者で管理する場合を含めて、*定められた通りに実施し、維持する。*
8.4.2.3, 供給者の品質マネジメントシステム開発*当社は、自動車用部品にかかわるプロセス・製品及びサービスを提供する供給者にこのIATF16949の認証取得を到達目標として、外注先の品質マネジメントシステムの開発を次によって実施する。*(1)品質マネジメントシステムの開発ステップ*(2) 対象供給者の選定*自動車用の部品を購買する供給者をすべて洗い出し「供給者管理計画／実績表(文書管理番号)」に記載する。*(3) 品質マネジメントシステムの開発に対する供給者の優先順位*開発に対する供給者の優先順位は、供給者の品質実績及び供給される製品の重要性に基づき次の手順によって決める。*① 大量に購入している。*② 特殊特性をもっている。*③ 品質実績が悪い。*
8.4.2.3.1,自動車製品に関係するソフトウェア又は組込みソフトウェアを持つ製品*当社は、自動車製品に関係するソフトウェア又は組込みソフトウェアを持つ製品の供給者に、その製品に対するソフトウェア品質保証のためのプロセスを実施し維持することを要求する。*現在、該当するものは無い。*
8.4.2.4, 供給者の監視*当社は、外部から提供される製品、プロセスの内部及び外部顧客の要求事項への適合を確実にするために、「プロセスの監視・測定記録(文書管理番号)」によって、次の供給者のパフォーマンス指標を監視する。*(1) 納入された製品の要求事項への適合（納入不良率、納入不良件数等）*(2) 構内保留（顧客の構内で、納入製品が品質問題等の原因で保留される）及び出荷停止（顧客の最終製品が品質問題等の原因で出荷できない）を含む、受入工場において顧客が被った迷惑*(3) 納期パフォーマンス（納期順守率、納期遅延件数等）*(4) 特別輸送費（通常の定期便では納期に間に合わないために特別便を仕立てるための費用）の発生件数*もし顧客から提供されれば、次の事項も含む。*(5) 品質問題又は納期問題に関する、特別状態の顧客からの通知*(6) ディーラからの返却、補償、市場処置及びリコール等の市場クレーム*
8.4.2.4.1, 第二者監査*当社は、供給者の管理方法として、第二者監査プロセスを実施する。第二者監査は、次の事項に対しても使用する。*(1) 供給者のリスク評価（8.4.1.2に関連する供給者選定）*(2) 供給者の監視（8.4.2.5に関連する供給者開発へのインプット）*(3) 供給者の品質マネジメントシステム開発（8.4.2.3に関連する供給者品質マネジメントシステム開発へのインプット）*(4) 製品監査（供給者のサイトにおける製品監査）*(5) 工程監査（供給者のサイトにおける工程監査）*製品安全／規制要求事項、供給者のパフォーマンス、及び品質マネジメントシステム認証レベルを含む、リスク分析に基づいて、第二者監査の必要性、方式、頻度及び範囲を決定するための手順を「供給者品質監査手順書（文書管理番号）」に定めて実施する。第二者監査で、供給者の品質マネジメントシステムを評価する場合は、その方法は自動車産業プロセスアプローチと整合をとる。*
8.4.2.5, 供給者の開発　*当社は、現行の供給者に対し、次の事項をインプットとして、パフォーマンス改善のための供給者開発の優先順位、方式、頻度及びタイミングについて「供給者管理計画／実績管理表(文書管理番号)」で計画し、実施する。*(1) 8.4.2.4（供給者の監視）から得られたパフォーマンス問題（品質、納期等）*(2) 8.4.2.4.1（第二者監査の所見）の所見（不適合、改善の機会等）　*(3) 第三者品質マネジメントシステム認証の状態*(4) 当社による供給者のリスク分析*
8.4.3, 外部提供者に対する情報*管理部門は、購買情報を外部提供者に伝達する前に、作業名、品名、品番、納期、数量等の購買製品に関する情報を明確にし、要求事項が妥当であることを確実にする。*必要な場合には、次の事項に関する要求事項を、各部門責任者と協議し外部提供者に伝達する。*(1) 提供されるプロセス、製品及びサービス*（製品図面、加工図面、QC工程表、仕様、検査手順、限度見本、包装基準など）*(2) 次の事項についての承認*① 製品及びサービス　（取引契約書、品質保証協定書、製品図面、仕様書、測定機器の管理、検査成績用紙など）*② 方法、プロセス及び設備*　　（ＱＣ工程表、検査手順書、限度見本、使用設備〔プレス機、成形機、表面処理ライン、治工具など〕、包装基準など）*③ 製品及びサービスのリリース*　　（検査員認定、検査成績書、ロット管理票）*(3) 人々の力量。これには必要な適格性を含む。*（作業資格、経験、教育・訓練など）*(4) 当社と外部提供者との相互作用*　　適用可能な場合、管理課長は外部提供者のＱＣ工程表が、当社の要求するプロセスを遵守していることを確認する。*(5) 外部提供者のパフォーマンスの管理及び監視は、「供給者評価・選定規定（QK008）」による。*(6) 当社又はその顧客が外部提供者先で計画する検証又は妥当性確認活動は、その検証の要領及び購買製品のリリース（出荷許可）の方法を購買情報（契約書類など）の中に明確にする。*管理課長は、外部提供者へ購買要求事項を伝達する前に、購買情報を明記した注文書の内容の妥当性を確認し承認した後供給者に発行する。*又、口頭による購買情報についても管理課長が妥当性を確認した後、外部提供者に伝達する。*なお、製品運送に関する購買情報は、業者帳票及び評価・選定による。*
8.4.3.1,供給者に対する情報-補足*全ての該当する法令・規制要求事項、並びに製品及び工程の特殊特性を供給者に引き渡し、サプライチェーンを辿って、製造現場にまで、全ての該当する要求事項を展開するよう、「供給者における品質保証の手引き(文書管理番号)」によって供給者に要求する。*
8.5, 製造*当社は、製造のプロセスを「製造プロセス管理図(文書管理番号)」によって明確にし、管理する。また、そのプロセスの流れを「製造プロセスフロー(文書管理番号)」に示す。以下にその手順を定めて実施する。*
8.5.1, 製造の管理*製品の製造は、「ＱＣ工程表」に基づき、管理された状態で実行する。以下に、その内容を示す。*(1) 製品の特性及び達成すべき結果を述べた情報は、製品図面、顧客仕様書による。*(2) 監視及び測定のための適切な設備は、「ＱＣ工程表」又は手順書などに明記しそれらを使用*する。*(3) 監視及び測定は、「ＱＣ工程表」、又は手順書に従い実施する。*(4) プロセスの運用のための適切なインフラストラクチャ、及び環境は本マニュアル及び「ＱＣ工程表」による。*(5) 教育記録及び作業資格台帳を基に、必要な適格性を含め、力量を備えた人々を任命する。*(6) 製造の過程で結果として生じるアウトプットとが、それ以降の監視又は測定で検証することが不可能な場合には、当社は、その製造の該当するプロセスの妥当性確認、及び妥当性の再確認を行う。*これらのプロセスには、射出成形工程（コネクタ）、表面処理工程などがある。*妥当性確認によって、これらのプロセスが計画通りの結果を出せることを実証するため、当社は、次の事項のうち適用可能なものを含んだ手続きを確立する。この手続きには、再承認の方法及び再承認基準を含む。*① プロセスのレビュー及び承認のための明確な判断基準*（新規及び再レビューの方法、承認者、並びに承認のための判断基準など）*② 設備の承認及び要員の適格性確認*（設備の承認・保守及び作業者の承認基準など）*③ 所定の方法及び手順の適用（ＱＣ工程表及び手順書類の承認基準など）*④ 記録に関する要求事項（4.2.4参照）*（計画通り実施された妥当性確認に関する記録及び再確認に関する記録　[ b）、c）項を含む作業記録、監視記録、再確認の結果の記録など ] ）*⑤ 妥当性の再確認*（再確認の時期及び方法、記録、承認基準、不適合時の対応方法など）*なお、該当しない項目は、その理由を各プロセスの手順の中で明確にする。*(7) ヒューマンエラーを防止するため、５Ｓ及びコミュニケーションの充実（情報の共有など）、*自動化、ポカ除け、手順書の充実、作業負荷の見直し等を推進する。*(8) 製品のリリースは、担当責任者の承認後行う。*顧客への引渡しは、検証後、製造部門が、手順書に従った包装を行い、表示内容を確認し、顧客に引渡す。引渡し後の活動は、顧客からの要求（契約書、協定書等）に基づいて、関係する規定や手順書に示し営業部門が窓口になり活動を行う。*(9) 自動車製品で顧客指定の特殊特性及び当社で決めた重要特性の場合は、製造の管理として以下のものを追加する。*① 「Xbar-R管理図(文書管理番号)」によるばらつき（安定）の管理。手順は「管理図作成・管理手順書（文書管理番号）」による。*② 工程能力の管理。手順は「工程能力評価手順書（文書管理番号）」による。*(10) 自動車製品については、初期流動管理を実施する。手順は「初期流動管理手順書（文書管理番号）」による。*
8.5.1.1, ＱＣ工程表*当社は、該当する製造拠点及び全ての供給する製品に対して、「ＱＣ工程表」を策定する。共通の製造工程を使う類似の部品に対してファミリー「ＱＣ工程表」を作成する。量産試作及び量産に対して、どのようにつながっているかを示し、工程フロー図、及び工程ＦＭＥＡからの情報を反映した「ＱＣ工程表」を作成する。*顧客から要求される場合、量産試作及び量産「ＱＣ工程表」を実行した時に集めた測定及び適合データを顧客に提供する。当社は、次の事項を「ＱＣ工程表」に含める。*(1) 作業の段取り設定検証を含む、製造工程の管理に使用された管理手段*(2) 該当する場合には、初品／終品の妥当性確認*(3) 顧客及び当社の双方で定められた、特殊特性に施された管理の監視方法*(4) もしあれば、顧客から要求される情報*(5) 不適合品が検出された場合、工程が統計的に不安定又は統計的に能力不足になった場合の、規定された対応計画*当社は、次の事項が発生した場合、「ＱＣ工程表」をレビューし、必要に応じて更新する。*(6) 不適合品を顧客に出荷したと組織が判断した場合*(7) 製品、製造工程、測定、物流、供給元、生産量変更、又はリスク分析（FMEA）に影響する変更が発生した場合*(8)  該当する場合には、顧客苦情及び関連する是正処置が実施された後*(9) リスク分析に基づく設定された頻度で顧客に要求されれば、当社は「ＱＣ工程表」の*レビュー又は改訂の後で顧客の承認を得る。*
8.5.1.2,手順書作業－作業指示書及び目視手順書*当社は、作業手順書及び目視手順書（図、写真、限度見本等）が次の通りであることを確実にする。*(1) 作業の実施責任者に伝達され、理解される。*(2) 読みやすい。*(3) それに従う責任のある要員に理解される言語で提供する。*(4) 指定された作業現場で利用可能である。*各作業手順書には、作業者の安全に対する規則についてＳＤＳ（安全データシート）に記載されている保護、危険作業における作業者の安全に対する注意を含める。*
8.5.1.3,作業の段取り替え検証*当社は、次の事項を含めた「作業の段取り替え検証手順書（文書管理番号）」を作成し、実施する。*(1) 新規製品の生産開始、始業時（休み明け、朝）、材料チャージ切り替え、作業変更のような新しい設定が必要とする作業の段取りが実施される場合の設定した内容の検証*(2) ＳＰＣ(統計的工程管理)を実施している場合には、管理図、工程能力等の統計的方法の使用*(3) 該当する場合には、初品／終品の妥当性確認の実施*(4) 段取り設定及び初品／終品の妥当性確認後の工程及び製品承認の「工程検査記録（文書管理番号）」の保持*
8.5.1.4,シャットダウン後の検証*当社は、計画的又は非計画的シャットダウン後に、製品が要求事項に適合することを確実にするために必要な処置を「作業の段取り替え検証手順書（文書管理番号）」に定め、実施する。*
8.5.1.5, ＴＰＭ（Ｔｏｔａｌ　ｐｒｏｄｕｃｔｉｖｅ　ｍａｉｎｔｅｎａｎｃｅ）*当社は、次の事項を含むＴＰＭシステムを「設備管理規定(QK007)」に定めて実施する*(1) 要求された量の適合製品を生産するために必要な工程設備のリスト*(2) リストに記載された設備で使用する消耗しやすい或いは入手に時間がかかる交換部品（刃具等）を過去の交換頻度からリストアップし、在庫するなどの対応*(3) 機械、設備及び施設の保全のための資源（人的資源、予算等）の提供*(4) 設備、冶工具及びゲージの荷姿及び保存　*(5) 保全に関する顧客固有要求事項*(6) 文書化した保全目標。保全目標に対するパフォーマンスは、マネジメントレビュー（9.3参照）へのインプットとする。*(7) 目標が未達であった場合の、保全計画及び目標、並びに是正処置に取り組む文書化した処置計画に関する定期的レビュー*(8) 保全計画による予防保全の方法の明確化*(9) 予知保全が該当する場合には、予知保全の方法を決める。*(10) 定期的オーバーホールの実施*
8.5.1.6,生産冶工具並びに製造、試験、検査の冶工具及び設備の運用管理*当社は、生産及び生産用材料のための冶工具及びゲージの設計、製作及び検証活動に対して資源を提供する。当社は次の事項を含む、当社所有又は顧客所有の生産冶工具に対する運用管理について、「生産用治工具管理手順書（文書管理番号）」に定めて管理する。*(1) 保全及び修理用施設並びに要員*(2) 保管及び補充*(3) 段取り設定 *(4) 消耗する冶工具の交換頻度、保管量等*(5) 製品の技術変更管理と同等の冶工具設計変更の文書化*(6) 冶工具の改修及び改修に伴う治工具図面などの改訂*(7) シリアル番号又は資産番号のような、生産中、修理中又は廃却のような状況、所有者及び場所に関する冶工具の識別*顧客所有の冶工具、製造設備、及び試験／検査設備に、所有権及び各品目の適用が明確になるように見易い位置に恒久的マークが付いていることを検証する。生産治工具の設計、製作及び検証活動をアウトソースする場合は、打合せ、設計図面の確認、治工具による初回品の確認など適切な監視を行う。*
8.5.1.7,生産計画*当社は、ジャストインタイム（ＪＩＴ）のような顧客の注文／需要を満たすために、生産が計画されていること及び工程の重要なところで生産情報にアクセスできるようにアラジンオフィスによってサポートする。なお、アラジンオフィスは、発注・受注情報を中心にして、生産計画中における関連する計画情報(顧客注文、供給者納入情報など)を含める。*
8.5.2, 識別及びトレーサビリティ*当社は、製品への適合を確実にするため、製造工程においてアウトプットの識別を明確にし、製品のトレーサビリティが材料にまで遡及できるように以下の管理を行う。*(1)	識　別*① 材料(支給材を含む)*各製造部門は、加工用材料の識別を、「材料受入手順書(文書管理番号*)」に従い入庫日、品名・品番、ロット№、納入重量などを検証し、その結果を「材料受入台帳(文書管理番号*)」に記録し担当責任者が承認する。*識別は指定の材料置き場での保管及び包装表示（ラベル等）により行う。*②	半製品*各製造部門は、識別を「ロット管理票(文書管理番号)」により行う。「ロット管理票」には、製品図番・材料メーカー名・材料ロット№・加工機械・数量・各工程の工程名及び作業日、作業者などを記入する。試作品は、「ロット管理票(文書管理番号)」の備考欄にサンプル品と押印し識別する。又､保管場所は、看板などで指定された区域及び棚などとする。*③	検査工程品*検査課は、出荷検査を行い、適合品の「現品票」に合格の朱印を押印する。又、無試験検査対象品も同様とする。なお、顧客との協議により出荷検査を省略するものは、「現品票」に無検査の表示をする。*試作品は、「検査依頼票(文書管理番号)」を添付し識別する。*合格印又は無検査の表示の無いものは検査前のものとして扱う。*なお、検査中の製品の識別方法は、手順書で明確にする。*④	金　型*金型課は、金型側面に、ペンキまたは刻印により製品番号、材料コード番号及び金型番号などを明示する。顧客の要求があるものは、その指示に従う。*⑤	不適合品*不適合品の識別は、「不適合品管理規定（QK004）」に従う。*（2）トレーサビリティ*① プレス加工品及び成形加工品は、「材料受入台帳(文書管理番号)」、「ロット管理票(文書管理番号)」、「製造ロットナンバー(文書管理番号)」及び「出荷検査記録(文書管理番号)」などにより行う。また試作品においても、同様とする。*②	金型のトレーサビリティは、「金型管理台帳(文書管理番号)」、「金型メンテナンス記録台帳(文書管理番号)」、「金型依頼書（メンテ・部品・改造・増面）(文書管理番号)」により行う。*製品についての固有の識別は、多数個取り金型によって製造される成形加工品についてのみ実*施し(電子煙草用を除く）、プレス金型の多数個取りについては識別しない。*成形加工品の固有の識別は、製品加工用金型の各キャビティのいずれかのエジェクタピン先端部に数字、英文字などによりキャビティ番号を識別可能な状態に刻印又は彫刻表示して識別する。*　  技術課は、金型とキャビティ番号の関係を 「成形金型キャビ№リスト(文書管理番号)」 に記入し、*「記録管理規定(QK002)」により維持管理する。*　　ただし、製造3部については顧客の指示に従い識別し、識別記録は製造3部で維持管理する。*
8.5.2.1,識別及びトレーサビリティ－補足*トレーサビリティの目的は、顧客が受け入れた製品、又は市場において品質及び／又は安全関係の不適合を含んでいる可能性がある製品に対して、開始、停止時点を明確に特定することを支援するためにある。従って、当社では、識別及びトレーサビリティのプロセスを以下の通り実施する。*(1) 疑わしい製品を保留品置き場で識別する。*(2) 不適合品を不適合品置き場で分別・保管する。*(3) 顧客及び／又は規制のトレーサビリティ対応時間の要求事項を満たす能力を確実にする。*(4) 対応時間の要求事項を満たせるように顧客システムに従って実施し、記録として残す。*(5) 顧客又は規制基準によって規定されている場合（エアーバッグ、シートベルト等の乗員保護装置等）、個別製品のシリアル化された識別を確実にする。*(6) 識別及びトレーサビリティ要求事項が、安全／規制特性をもつ外部から提供される製品に拡張適用することを確実にする。　*
8.5.3, 顧客又は外部提供者の所有物*当社は、使用するため又は製品に組み込むために提供された、顧客又は外部提供者の所有物（半製品、金型、製造設備など）に対し、識別、検証及び保護・防護に関する維持・管理を次の様に実施する。*  (1) 半製品*製造部門担当責任者は、品番、数量及び外観(キズ、変形等)などを確認し、「入出庫報告書」に必要事項を記入し、管理部門に提出する。又、支給品には報告書のコピーを添付し、指定の場所に保管し維持・管理する。供給者先に直送されるものは、「品質保証協定書」に基づき供給者が品番、数量及び外観（キズ、変形等）などを確認し、管理部門に報告を行い供給者先でも同様に保管し、維持・管理する。なお、管理部門は、「入出庫報告書(文書管理番号)」のコピーを営業部門に提出する。ただし、品質に異常が有った場合には検査課にも提出する。*　(2)　金型*各製造部門は、「金型管理台帳(文書管理番号)」及び「金型メンテナンス記録台帳(文書管理番号)」により金型の管理を行う。又、保管は、保護・防護のために専用棚を使用する。*自社製造金型は、金型課で金型側面に製品番号（金型番号も含む）を表記する、顧客支給金型については、使用部門で製品番号の表示の有無を確認し、表示のない場合には、製品番号を金型側面に表記し、識別する。*なお、当社で使用する金型は、顧客からの承認（合格通知を含む）を受けたものとする。*　(3) 製造設備*設置部門責任者は、顧客から支給された製造設備にラベル又はペンキで顧客名又はその略号を表示し、「設備管理規定（QK007）」に基づき維持・管理を行う。また、検証は、必要に応じて取扱い説明書などにより行う。*(4) 知的所有物（図面、仕様書、外観限度見本など）*① 保護・防護及び機密保持のために保管部門は、持ち出し禁止又は社外持ち出し禁止の表示を行い維持・管理する。*② 図面は、「図面管理規定（QK009）」により技術課が維持・管理する。*③ 仕様書などの文書類は、「文書管理規定（QK001）」により品質保証部が外部文書として維持・管理する。*④ 外観限度見本は品質保証部が保管管理部門として維持・管理する。*⑥	 持ち出し可能な物については、緊急時(火災など)要持ち出しと表示する。*なお、顧客若しくは外部提供者の所有物に不適合、破損、盗難、紛失などが発生した場合、又はその他これらが使用に適さないと判明した場合には、当該部門の責任者は速やかにその状況を営業部門に連絡する。*営業部門は、顧客にその内容を連絡し対応を協議すると共に、協議内容及び処置などを「顧客所有物報告書(文書管理番号)」に記録し、当該部門に報告するとともに、「記録管理規定（QK002）」に従い維持・管理する。*「顧客所有物報告書(文書管理番号)」は、必要に応じて顧客に提出する。*また、前記以外のものが支給される場合には、営業部がその都度関係部門と協議し対応する。*又、顧客より入手した個人情報は、入手時の利用目的でのみ使用し、利用目的が消滅した時点で適切に消去する。*個人情報は購買部門、営業部などの業務活動の中で、顧客情報が漏洩しないよう運用管理する。*
8.5.4, 保存*当社は、内部処理から顧客への引渡しまでの間、要求事項への適合を確実にするために、アウトプットを保存し、保存中の識別、取扱い、汚染防止、包装(梱包)、保管、伝送又は輸送、及び保護を次のように行う。*(1) 識別・取扱い*① 材料*各製造部門担当責任者は、識別を8.5.2（識別及びトレーサビリティ）により行う。また、取扱いにおいても、キズ・変形・汚損等がないように注意を払う。*入出庫の管理は、材料ロットの混入を防止するため、先入れ、先出しを行う。*② 半製品*各製造部門は、「ロット管理票(文書管理番号)」や「現品票」など製品の履歴を知らせる帳票類と共に、破損・汚損のないように取り扱う。*入出庫は、先入れ､先出しで行う。*③ 製品*引渡し対象製品は、包装終了後、破損・汚損のないように取扱い、品名・数量を明示して、*出荷品置き場に置くことにより識別する。*④ 電子データなど*　アクセス制限、パスワード設定、ファイル管理、バックアップ、伝送形態管理を行う。*(2) 包装*各製造部門は、検証後、指定された場所で、作業手順書に指示された方法で包装を行う。*(3) 保管・保護*各製造部門は、材料・半製品及び完成品が破損・汚損しないように、指定された場所、棚、区域などに保管する。*(4) 引渡し*各製造部門は、顧客指定又は適切な輸送手段により引渡しを行う。また、会社の事情などにより変更の必要性が生じた場合には、顧客に連絡し協議する。*
8.5.4.1,保存－補足*当社は、外部及び／又は内部の提供者からの材料及び構成部品を、受領から加工を通じて、顧客による納入／受入れまでを含めて、識別、取扱い、汚染防止、包装、保管、転送又は輸送及び保護を含めて保存する。*劣化を検出するために、当社は保管中の製品の状態、保管容器の場所／方式、及び保管環境を、１年に２回、棚卸で外観及び機能を確認する。在庫回転時間を最適化するため、先入れ先出し*（ＦＩＦＯ＝First In、 First Out）のような、在庫の回転を確実にするために、旧式となった製品は、不適合品と同様な方法で管理することとする。顧客から提供された、保存、包装、出荷及びラべリング要求事項に適合するようにする。*
8.5.5, 引渡し後の活動*当社は、製品の引渡し後の活動に関する要求事項を満すため、要求される引渡し後の活動の程度を決定するに当たって次の事項を考慮する。*(1) 法令・規制要求事項*(2) 製品及びサービスに関連して起こり得る望ましくない結果*(3) 製品及びサービスの性質、用途及び意図した耐用期間*(4) 顧客要求事項*(5) 顧客からのフィードバック*引渡し後の活動は、顧客からの要求（契約書、協定書等）に基づいて、関係する規定、手順*書に示し営業部門が窓口になり活動を行う。*
8.5.5.1,サービスからの情報のフィードバック*当社は、製造、材料の取り扱い、物流、技術及び設計活動へのサービスの懸念事項に関する情報を伝達するプロセスを確立し、実施し、維持することを確実にする。*
8.5.5.2,顧客とのサービス契約*当社は、顧客とのサービス契約がある場合、次の事項を実施する。*(1) 関連するサービスセンターが、該当する要求事項に適合することを検証する。*(2) 特殊目的冶工具又は測定設備の有効性を検証する。*(3) 全てのサービス要員が該当する要求事項について教育訓練されていることを確実にする。*
8.5.6, 変更の管理*当社は、製造に関する変更を、要求事項への継続的な適合を確実にするために必要な程度まで、レビューし、管理する。*この変更は、6.3（変更の計画） 、8.1（運用の計画及び管理）、8.3.6 （設計・開発の変更）を含む、改善を目的とする、プロセス、設備、組織、人員、権限など、適用可能な変更全てとする。*変更内容、変更のレビューの結果、変更を正式に許可した人（又は人々）及びレビューから生じた必要な処置を記録した、文書化した情報を保持する。*
8.5.6.1,変更の管理-補足*当社は、製品実現に影響する変更を管理し対応する手順を以下の事項を含めて「工程変更管理手順書(文書管理番号)」に定めて、当社、顧客、又は供給者に起因する変更を含む変更の影響を評価する。*(1) 顧客要求事項への適合を確実にするための検証及び妥当性確認の活動を定める。*(2) 実施の前に変更の妥当性確認を行う。*(3) 関係するリスク分析の証拠を文書化する。*(4) 検証及び妥当性確認を記録する。　*供給者で行う変更を含めて、変更は製造工程に与える変更の影響の妥当性確認を行うために、その変更点（部品設計、製造場所、又は製造工程の変更のような）の検証に対する生産トライアル活動を要求することが望ましい。顧客に要求される場合、当社は次の事項を実施する。*(5) 直近の製品承認の後の計画した製品実現の変更を顧客に通知する。*(6) 変更の実施の前に、必要に応じＰＰＡＰ等の承認を得る。*(7) 生産トライアル活動及び新製品の妥当性確認のような、追加の検証又は識別の要求事項を完了する。*
8.5.6.1.1,工程管理の一時的変更*当社は、緊急事態の発生やリコール等で生産量が増えたりした場合など、一時的に製造サイトや製造工程を変更する場合の管理方法を次の通り定めて実施する。*(1) 検査、測定、試験及びポカヨケ装置を含む、工程管理のリストを特定し、文書化し、維持する。そのリストには当初の工程管理及び承認されたバックアップ又は代替方法を含める。*(2) 代替管理方法の使用を運用管理するプロセスを「代替工程管理手順書（文書管理番号）」に定めて実施する。この文書には、工程ＦＭＥＡに基づいて、重大性及び代替管理方法の生産実施の前に取得する内部承認を含める。*(3) 代替手法を使用して、検査され又は試験された製品の出荷の前に、要求される場合、当社は、顧客の承認を取得する。「ＱＣ工程表」に引用され、承認された代替工程管理方法のリストを維持し定期的にレビューする。*(4) 各「作業手順書」は、各代替工程管理方法に対して利用可能な様にする。*(5) 各「ＱＣ工程表」に定められた標準工程に可及的速やかに復帰することを目標とする。*(6) 標準作業の実施を検証するために、代替工程管理の運用を、日常的にレビューする。*　　方法例には次の事項を含める。*① 日常品質パトロール*② 早朝ミーテイング*(7) 重大性によって定められている期間及びポカヨケ装置又は工程の全ての機能が有効に復帰しているとの確認に基づいて、再稼働検証を文書化する。*(8) 代替工程管理装置又工程が使用されていた間、生産された全ての製品に対してトレーサビリティを実施する（例.全勤務シフトから得られた初品及び終品の検証及び保持）。*
8.6, 製品のリリース*当社は、製品検査及び引渡しのプロセスを「製品検査・引渡しプロセス管理図（文書管理番号）」によって明確にし、管理する。また、そのプロセスの流れを「製品検査・引渡しプロセスフロー*（文書管理番号）」に示す。そのプロセスの手順を、以下に定めて実施する。*当社は，製品の要求事項を満たしていることを検証するために、「ＱＣ工程表」に計画した取決めを実施する。*計画した取決めが問題なく完了するまでは、顧客への製品及びサービスのリリースは行わない。*ただし、品質保証部長が承認し、かつ，顧客が承認したときは、この限りではない。*関係部門は、製品及びサービスの次工程へのリリースについて、合否判定基準への適合の証拠として、監視及び検査の結果を「工程検査記録票(文書管理番号)」、「検査成績書」などに記録し、維持管理する。なお、記録にはリリースを正式に許可した人（又は人々）に対するトレーサビリティ（許可した時点での所属、役職など）を含める。*
8.6.1, 製品のリリース－補足*当社は、製品のリリースに関して、次の事項を実施する。*(1) 製品の検査及び引渡しの方法が「ＱＣ工程表」に記載されている。　*(2) 製品の初回リリースに対する承認の手順が決まっている。*(3) 変更管理に対する承認の手順が決まっている。承認が、8.5.6（変更の管理）に従って、初回*リリースに引続く変更の後に遂行されることを確実にする。*
8.6.2, レイアウト検査及び機能試験*当社は、レイアウト検査(全寸法検査)及び機能試験を次によって実施する。*(1) 次の検査を「ＱＣ工程表」に規定されているとおり、各製品に対して実施する。実施頻度は、顧客に規定されない場合は、１年に１回とする。*① レイアウト検査*② 顧客の材料及び性能の技術規格に対する機能検証*(2) その結果は、顧客がレビューのために利用できるようにしておく。　*
8.6.3, 外観品目*当社は、外観品目として顧客に指定された製造部品に対して次の事項を満たすように管理する。*(1) 外観検査場所の確保及び照明の確保（照度：７００ルクス以上）*(2) 該当する外観限度見本のリストアップ*色、絞、光沢、金属製光沢、風合い、イメージの明瞭さ（ＤＯＩ＝Distinctness of Image）のマスター及び触感技術（タッチパネルのようなユーザーの外力によって作動するものの評価技術など）のうち該当するもの*(3) 外観限度見本は、登録し、保管場所を定めて、傷、変色・退色、劣化などないように管理する。評価設備は、機能低下がないように管理する。*(4) 外観検査員は、7.2（力量）に従って資格認定を行う。*
8.6.4, 外部から提供される製品の適合の検証及び受入れ*当社は、次の方法を一つ以上用いて、外部から提供されるプロセス、製品、及びサービスの品質を確実にする。なお、顧客に合意されない限り、仕入品に添付されている検査成績書の確認という方法は、次のいずれの方法でも該当しないので注意が必要である。*(1) 取引先から提供された統計データの受領・評価（例えば、Ｃｐｋデータ）*(2) 受入検査・試験（パフォーマンスに基づく抜取検査）*(3) 取引先のサイトの第二者若しくは第三者の評価又は監査（受入可能な納入製品の要求事項への適合の記録を伴う）*(4) 指定された試験所による部品評価*(5) 顧客の承認を得た他の方法*
8.6.5, 法令・規制への適合*当社は、自社の生産フローに外部から提供される製品をリリースする前に、外部から提供されるプロセス及び製品が、製造された国、及び提供されれば顧客指定の仕向国における最新の法令、規制、及び他の要求事項に適合していることを確認し、及びそれを証明する証拠を提供する。*
8.6.6,合否判定基準*当社は、合否判定基準を定め、必要に応じて又は要求がある場合、顧客の承認を得る。抜取り検査で得られた計数データの合否判定水準は不適合ゼロ（ゼロ・ディフェクト）とする。*
8.7, 不適合品の管理*
8.7.1, 当社は、要求事項に適合しない製品が誤って使用されること、又は引き渡されることを防ぐために、それらを識別し管理することを確実にするために、不適合品の処理に関する管理及び責任、権限を「不適合品管理規定（QK004）」に定める。*発見された不適合品は、次の１つ以上の方法で処置する。*(1) 発見された不適合を確実に除去するために、その程度、状況によって、選別、手直し、廃棄などの処置をとる。*(2) 品質保証部長は、当該部門に不適合品の出荷及び供給停止又は返却、散逸防止などを指示する。*(3) 品質保証部長は、不適合品が出荷された場合、若しくは顧客の工程に影響を及ぼす恐れがある場合には、顧客に連絡し当該部門と対応を協議する。*(4) 品質保証部長は、不適合の内容と工程状況を勘案の上、顧客に対して「特採申請書」を発行する。この特採申請が顧客によって認められた場合、品質保証部長は、当該部門責任者に対して、特採条件などを連絡し、当該ロットのリリース（次工程への引渡し)若しくは出荷を許可する。*なお、不適合品に修正を施した場合は、要求事項への適合を保証するため、再検証を実施する。*
8.7.1.1, 特別採用に対する顧客の正式許可*当社は、製品又は製造工程が現在承認されているものと異なる場合は常に、その後の処理の前に顧客の特別採用又は逸脱許可を得る。不適合品の“現状での使用”及び手直しする処置について以降の処理を進める前に顧客の正式許可を受ける。もしも構成部品が製造工程で再使用される場合は、その構成部品は、特別採用又は逸脱許可によって、明確に顧客に伝達する。特別採用によって認可された満了日又は数量の記録を維持する。認可が満了となったときには、元の又は置き換わった新たな仕様書又は要求事項に適合していることを確実にする。特別採用として出荷される材料は、各出荷容器上で適切に識別される（これは、購入された製品にもひとしく適用する）。供給者からの要請に対して、顧客に提出する前に承認する。*
8.7.1.2, 不適合品の管理－顧客規定のプロセス*当社は、不適合品に対して該当する顧客規定の管理に従う。*
8.7.1.3, 疑わしい製品の管理*当社は、未確認の又は疑わしい状態の製品を、不適合品として分類し管理することを「不適合*品管理規定（QK004）」に定めて、実施する。全ての適切な製造要員が、疑わしい製品及び不適合品の封じ込めの教育訓練を受けることを確実にする。*
8.7.1.4, 手直し製品の管理*当社は、製品を手直しする判断の前に、手直し工程におけるリスクを工程ＦＭＥＡによって評価する。顧客から要求された場合、製品の手直しを開始する前に顧客の承認を得る。*「ＱＣ工程表」又は他の関連する文書化した情報に従って、原仕様への適合を検証する手直し確認の文書を作成し、使用する。再検査及びトレーサビリティ要求事項を含む、分解又は手直し指示書は、適切な要員がアクセスでき、利用できるようにする。*
8.7.1.5, 修理製品の管理*当社は、製品を修理する判断の前に、修理工程におけるリスクを評価するために工程ＦＭＥＡを使用する。顧客から要求される場合、製品の修理を開始する前に、顧客から承認を取得する。*「ＱＣ工程表」又は他の関連する文書化した情報に従って、修理確認のために再検査を行う。*再検査及びトレーサビリティ要求事項を含む、分解又は修理指示書は、適切な要員がアクセス*でき、利用できるようにする。修理される製品の特別採用について、文書化した顧客の正式許可*を取得する。*
8.7.1.6, 顧客への通知*当社は、不適合品が出荷された場合には、顧客に対して速やかに通知する。初回の伝達に引き続き、その事象の詳細な文書を提供する。*
8.7.1.7, 不適合品の廃棄*当社は、手直し又は修理できない不適合品の廃棄に関して「不適合品管理規定（QK004）」に定めて、実施する。要求事項を満たさない製品に対しては、製品が誤って使用されないようにするために、各工程の赤箱に入れ、スクラップ置き場に保管する。スクラップ置き場の製品を外部リサイクル業者へ引き渡す。*
8.7.2, 当社は，次の事項を満たす文書化した情報を保持する。*(1) 不適合の性質（内容）の記録、及び特採を含む当該ロットの処置の記録は、「不適合品管理票」、又は「工程内不適合品管理票(文書管理番号)」に記入し、「記録管理規定（QK002）」により維持管理する。*(2) 特別採用の特採条件などは「特採申請書(文書管理番号)」で明確にする。*(3) 不適合に関する処置の決定権限は、品質保証部が有する、ただし、工程仕掛品については当該部門責任者とする。*
9, パフォーマンス評価*
9.1,監視，測定，分析及び評価*
9.1.1, 一般*当社は、「QM001付図2プロセスマップ」で明確にした品質マネジメントシステムの各プロセスが計画通り実施されているか、又、各プロセスが要求目的を満たすために適切に機能しているかを適切な方法で監視し、可能な場合には測定する。これらのプロセスの監視・測定項目、監視・測定方法、分析・評価の方法（目標値）、監視・測定頻度、分析・評価の時期、プロセスオーナーを「プロセスの監視・測定記録(KSS4-33)」で明確にし、監視・測定結果を記録する。各プロセスの監視・測定結果、計画及び管理値が3ヶ月連続して未達成の場合は、10.2（不適合及び是正処置）により是正処置を行う。ただし、未達ではあるが現状の仕組みの中で改善が見込まれる場合、或いは一過性の原因による未達の場合などで、管理責任者が是正処置をすぐに実施する必要がないと判断した場合は、是正処置を行わず、経過観察とすることができる。*これらの状況は「プロセスの監視・測定記録(文書管理番号)」にまとめて、月次の「MS推進会議」及びマネジメントレビューにて報告する。*
9.1.1.1, 製造工程の監視及び測定*当社は、製造工程に関して、製造工程が安定しているか、工程能力があるか、製品承認プロセス要求事項を満たしているかを、次によって確認する。*(1) 新しい製造工程に関して、工程能力を検証し、工程管理に反映するために工程調査を実施する。工程調査の結果は、適用可能な場合には、作業手順書、検査基準書、工程検査記録、日常点検記録に反映する。それらの文書には、合否判定基準と同様に、製造の工程能力、保全性に対する目標を含める。*(2) 顧客の製品承認プロセスにおいて、量産前の段階で顧客にデータを提出し保証した製造工程能力(Cpk）又は製造工程性能(Ppk）を量産に入ってからも監視し、維持する。*(3) 「ＱＣ工程表」通りに実施されることを確実にするために「＊＊＊＊＊＊(文書管理番号)」に記録することによって管理する。これには、次の事項の遵守を含む。*①測定手法*②抜取計画*③合否判定基準　*(4) 変数データに対する実際の測定値及び／又は試験結果の記録*(5) 合否判定基準が満たされない場合の対応計画及び上申プロセス*(6) 冶工具・材料の変更、機械の修理のような次の工程の重大な出来事は、記録する。*①冶工具の変更*②機械の修理*③材料の変更*④作業者の変更*(7) 統計的に能力不足又は不安定のいずれかを示す特性に対して、「ＱC工程表」に記載された対応計画を開始する。対応計画には、製品の封じ込め及び全数(100％)検査を適切に含める。そして工程が安定し、必要な能力をもつようになることを確実にするため、特定の処置、時期及び担当責任者を示した是正処置計画を作成する。この計画は、要求されている場合は、顧客とともにレビューし承認を得る。能力不足と不安定との関係で取るべき処置は、次の通りである。*①安定かつ能力あり：処置は不要*②安定かつ能力不足：共通原因の削減が必要*③不安定かつ能力あり：特別原因を特定し対策が必要。*④不安定かつ能力不足：共通原因、特別原因ともに削減が必要*(8) 工程変更の実効日付の記録を維持する。*
9.1.1.2, 統計的ツールの特定*当社は、各プロセスで使用する統計的ツールの概要を下表に示す。これらの具体的適用に当たっては、先行品質計画時、工程ＦＭＥＡ及び「ＱC工程表」に記載して明確にする。*9.1.1.3 統計概念の適用*当社は、バラツキ、管理（安定性）、工程能力、及び過剰調整によって起きてしまう結果のような統計概念は、統計データの収集、分析、及び管理に携わる製造及び品質保証部門員に*理解され、使用されるように教育によって、周知・徹底を図る。*
9.1.2, 顧客満足*当社は、顧客満足のプロセスを「顧客満足プロセス管理図(文書管理番号)」によって明確にし、管理する。以下に、その手順を示す。*営業部門は、当社が顧客要求事項を満足しているかどうかに関して、顧客がどのように受けとめているかについての情報を監視・測定する。*営業部長は、年１回以上、売上上位3社の顧客について、発注部門、技術部門などを対象に、顧客訪問、電話、電子メールなどにより顧客の当社に対する評価の情報を収集する。集められた情報は、集計・分析し成果報告書にて部課長会議に報告する。部課長会議では、顧客情報の内容に応じて是正処置、予防措置など対応を協議決定する。*なお、情報には，顧客満足度調査、提供された製品の品質に関する顧客からのデータ及び顧客の評価、ユーザー意見調査、失注分析、顧客からの賛辞、補償請求及びディーラ報告のような情報源から得たインプットを含めることができる。*
9.1.2.1, 顧客満足―補足*当社は、製品及びプロセスの仕様書及び他の顧客要求事項への適合を確実にするために、次の内部及び外部の評価指標について「プロセスの監視・測定記録(文書管理番号)」による継続的評価を通じて、顧客満足を監視する。*(1) 納入した製品の品質パフォーマンス*(2) 顧客が被った迷惑*(3) 市場で起きた回収・リコール・補償（該当する場合）*(4) 納期パフォーマンス（特別輸送費が発生する不適合を含む）*(5) 品質又は納期問題に関する、特別状態を含む、顧客からの通知*製品品質及びプロセス効率に対する顧客要求事項への適合を実証するために、製造工程の次のパフォーマンスを「プロセスの監視・測定記録(文書管理番号)」によって監視する。*(6) 生産性（単位時間当り加工費）*(7) 品質不良コスト（修正金額）*監視には、提供される場合、オンライン顧客ポータル及び顧客スコアカードを含む、顧客パフォーマンスデータのレビューを含める。*
9.1.3, 分析及び評価*当社は、品質マネジメントシステムの適切性及び有効性を実証するため、また、品質マネジメントシステムの有効性の継続的な改善の可能性を評価するために必要とするデータの収集、分析及びそれらの実行主管部門及び関連部門を次の様に定め、改善活動に繋げる。*(1) 品質マネジメントシステムのパフォーマンス及び有効性確認は、9.1.1（一般）及びマネジメントレビューによる。*(2) リスク及び機会への取組みの有効性、及び 品質マネジメントシステムの改善の必要性は、計画が効果的に実施されたかを含め、マネジメントレビューで評価する。*マネジメントレビューの結果は「品質マネジメントシステム報告会議事録(文書管理番号)」に記録し、添付記録とともに「記録管理規定（QK002）」に従い維持管理する。*各部門は、年度末に年度目標達成報告書を作成し、パフォーマンスを分析・評価し、次年度の「目標達成計画書(文書管理番号)」の検討資料に活用する。*
9.1.3.1, 優先順位付け*当社は、品質に関する目標、生産性、コスト、納期など品質や操業の実績の傾向は、「プロセスの監視・測定記録(文書管理番号)」にまとめ、目標の進展と比較し、顧客に関連する問題の迅速な解決のための優先順位を決定する。*
9.2, 内部監査*当社は、内部監査のプロセスを「内部監査プロセス管理図(文書管理番号)」によって明確にし、管理する。また、その手順を「内部監査規定（QK003）」及び以下に定めて、実施する。*
9.2.1, 当社は、品質マネジメントシステムが、次の状況にあるか否かに関する情報を提供するために、あらかじめ定められた間隔で内部監査を実施する。*(1) 次の事項に適合している。*① 当社が決めた品質マネジメントシステムの要求事項に適合している。*② 品質マネジメントシステムが、規格の要求事項に適合している。*(2) 品質マネジメントシステムが有効に実施され、維持されている。*
9.2.2, 当社は，次に示す事項を行う。*(1) 年1回、管理責任者は、監査の対象となるプロセス及び領域の状態と重要性、並びにこれまでの監査結果を考慮して、監査プログラムを策定する。*(2) 監査の基準、範囲、頻度及び方法は、「内部監査規定（QK003）」に示す。*(3) 監査員の選定及び監査の実施においては、監査プロセスの客観性及び公平性を確保するため、*監査チームは原則２名以上とし、２年続けて同一部門の監査リーダーを務めない。*(4) 不適合が発見された場合の是正処置、及び監査結果の社長への報告の詳細は「内部監査規定（QK003）」による。*(5) 監査員は自らの仕事は監査しない。*監査の計画及び実施、監査報告書の作成、監査記録の維持に関する責任、並びに要求事項を、「内部監査規定（QK003）」に示す。*
9.2.2.1,内部監査プログラム*当社は、品質マネジメントシステム監査、製造工程監査、及び製品監査を含む、品質マネジメントシステム全体を網羅する文書として「内部監査規定（QK003）」を作成し、実施する。*監査プログラムは、リスク、内部及び外部パフォーマンスの傾向、及びプロセスの重大性に基づいて優先付けする。プロセス変更、内部及び外部不適合、並びに顧客苦情に基づいて、監査頻度をレビューし、必要に応じて、調整する。監査プログラムの有効性は、マネジメントレビューの一部としてレビューする。*
9.2.2.2,品質マネジメントシステム監査*当社は、IIATF16949規格への適合を検証するためにプロセスアプローチを使用して、３年間の監査サイクルにおいて、全ての品質マネジメントシステムプロセスを監査する。これらの監査の中で、その有効な実施を確認するために顧客固有品質マネジメントシステム要求事項のサンプリング監査を実施する。*当社は、完全な監査サイクルの期間は３年間のままとする。この３年間の監査サイクルの間に監査が実施される個々のプロセスの品質マネジメントシステムの監査頻度は、内部及び外部のパフォーマンス及びリスクに基づいて決める。当社は、自社のプロセスに割り当てた監査頻度を正当とする理由を維持する。全てのプロセスを３年間の監査サイクルの間にサンプリングし、並びにISO9001基本要求事項及び顧客固有要求事項も含めて、IATF16949 規格中の適用される全ての要求事項について監査する。*
9.2.2.3,製造工程監査*当社は、製造工程の有効性及び効率を判定するために、工程監査のための顧客固有の要求される方法を使用して、各３暦年の期間の間において、全ての製造工程を監査する。*顧客によって定められていない場合、当社において使用する方法を決める。各個別の監査計画の中で、各製造工程は、シフト引き継ぎの適切なサンプリングを含めて、全ての勤務シフトを監査する。製造工程監査には、工程ＦＭＥＡ、「ＱＣ工程表」、及び関連文書が効果的に実施されているかの監査を含める。*
9.2.2.4, 製品監査*当社は、規定要求事項への適合を検証するために、顧客固有の要求される方法を使用して、生産及び引渡しの適切な段階で、製品を監査する。顧客によって定められていない場合、当社において使用する方法を決める。*
9.3, マネジメントレビュー*
9.3.1, 一般*当社の品質マネジメントシステムが引き続き適切で、妥当で、かつ、有効であることを確実にするために年一回（原則として12月）、品質マネジメントシステム検討会及び内部監査実施報告会を開催する。なお、社長が出席する月次部課長会議はマネジメントレビューの一環とみなす。*このレビューでは、次の評価も実施する。*(1) 品質マネジメントシステムの改善の機会・時期*(2) 品質方針及び品質目標を含む品質マネジメントシステムの変更の必要性*
9.3.1.1,マネジメントレビュー―補足*当社は、品質マネジメントシステム及びパフォーマンスに関係する問題に影響する内部又は*外部の変化による顧客要求事項への適合のリスクに基づいてマネジメントレビューの頻度を*増やす。*
9.3.2, マネジメントレビューへのインプット*品質マネジメントシステム検討会へのインプットには次の情報を含める。*(1) 前回までのマネジメントレビューの結果とフォローアップ*(2) 品質マネジメントシステムに関連する外部及び内部の課題の変化*(3) 次に示す傾向を含めた品質マネジメントシステムのパフォーマンス及び有効性に関する情報*① 顧客及び密接に関連する利害関係者からのフィードバック*② 品質目標が満たされている程度*③ プロセスの成果を含む実施状況、並びに製品及びサービスの適合性*④ 不適合及び予防処置、是正処置の状況*⑤ 監視及び測定の結果*⑥ 第一者～第三者の監査結果*ただし、第一者監査（内部監査）は、内部監査実施報告会のインプット情報とする。*⑦ 外部提供者のパフォーマンス*(4) 品質マネジメントシステムに影響を及ぼす可能性のある変更(品質方針の適切性を含む)*(5) 資源の妥当性*(6) リスク及び機会への取組みの有効性（6.1 参照）*(7) 改善のための提案（改善提案活動からのアウトプットを含む）*
9.3.2.1,マネジメントレビューへのインプット―補足*当社は、マネジメントレビューへのインプットには、次の事項を含める。 *(1) 品質不良コスト（内部不適合及び外部不適合のコスト）*(2) プロセス有効性指標*(3) 製品実現プロセスのプロセス効率性指標（該当する場合）*(4) 製品適合性*(5) 現行の運用の変更及び新規施設又は新規製品に対してなされる製造フィージビリティ評価（7.1.3.1（工場、施設及び設備の計画）参照）*(6) 顧客満足（9.1.2（顧客満足）参照）*(7) 保全目標に対するパフォーマンスの計画*(8) 補償のパフォーマンス（該当する場合）*(9) 顧客スコアカードのレビュー（該当する場合）*(10) 工程ＦＭＥＡを通じて明確にされた潜在的市場不適合の特定*(11) 実際の市場不適合及びそれらが安全又は環境に与える影響*(12) 工程設計中の決められた段階での測定の結果の要約(8.3.4.1監視参照)*
9.3.3, マネジメントレビューからのアウトプット*マネジメントレビューのアウトプットには、次の事項に関する決定及び処置、全てを含める。*(1) 顧客要求事項にかかわる、製品の改善を含む、あらゆる改善の機会*(2) 品質マネジメントシステム、及びそのプロセスに関する有効性の改善*(3) 資源の必要性*品質マネジメントシステム検討会及び内部監査実施報告会の議事録は、管理責任者が作成し、*社長承認後、全ての出席者に配付する。*マネジメントレビューの結果の証拠として、文書化した情報の保管については、「記録管理規定（QK002）」に定める。*
9.3.3.1,マネジメントレビューからのアウトプット―補足*社長は、顧客のパフォーマンス目標が達成されていない場合には、処置計画を文書化し実施する。*
10, 改善*当社は、改善のプロセスを「改善プロセス管理図(文書管理番号)」によって明確にし、管理する。以下にその手順を定めて、実施する。*
10.1, 一般*当社は、下図 継続的改善フローに示すように、マネジメントレビュー、品質方針、品質目標、製品実現、内部監査（結果）、データの分析、是正処置、予防処置などを通じて、品質マネジメントシステムの有効性を継続的に改善し、望ましくない影響の修正、防止又は低減、及び要求事項を満たすため、並びに将来のニーズ及び期待に取り組むための、製品の改善を実施する。*
10.2, 不適合及び是正処置*
10.2.1, 苦情から生じたものを含め、不適合が発生した場合、当社は、次の様に対応する。*(1) 発生した不適合の管理及び修正は、8.7( 不適合品の管理)による。又、その不適合によって起こった結果の対処は、「是正処置・予防処置規定（QK005）」に定める。*　(2) その不適合が再発又は他のところで発生しないようにするため、次の事項によって、その不適合の原因を除去するための処置をとる必要性を評価する。*① 不適合（顧客からの苦情を含む）の内容を確認し、分析する。*② 不適合の原因を特定する。*③ 類似の不適合の有無、又はそれが発生する可能性を評価する。*　(3) 必要な処置を決定及び実施。*　(4) 取った全ての是正処置の有効性をレビューする。*　(5) 必要な場合には、計画の策定段階で決定したリスク及び機会を更新する。*　(6) 必要な場合には，管理責任者が関係者と協議し、品質マネジメントシステムの変更を行う。*是正処置は、検出された不適合の持つ影響に見合うものとする。*
10.2.2, 当社は、次に示す事項の証拠として、文書化した情報を保持する。*(1) 不適合の性質及びそれに対してとったあらゆる処置（「不適合品管理規定（QK004）」に*よる）*(2) 是正処置の結果（「是正処置・予防処置規定（QK005）」による）*
10.2.3,　問題解決*当社は、次の事項を含む、問題解決方法を「不適合品管理票(文書管理番号)」、又は「工程内不適合品管理票(文書管理番号)」に含めて、実施する。*(1）問題の様々なタイプ及び規模に対する定められたアプローチの仕方（例：新製品開発、現行製造問題、市場不適合、監査所見）*(2）不適合品の管理に必要な、封じ込め、暫定処置、及び関係する活動*(3）根本原因分析、使用される方法論、分析、及び結果*(4）類似のプロセス及び製品への影響を考慮することを含む、体系的是正処置の実施*(5）実施された是正処置の有効性検証*(6）適切な文書化した情報【（例：工程ＦＭＥＡ、「ＱＣ工程表」）】のレビュー及び、必要に応じた更新*顧客が固有の規定されたプロセス、ツール、又は問題解決のシステムをもっている場合、当社はそのプロセス、ツール、又はシステムを使用する。*
10.2.4,ポカヨケ*当社は、適切なポカヨケ手法の活用を工程ＦＭＥＡで検討し、決定する。採用された手法の詳細は、工程ＦＭＥＡに記載し、試験頻度は「ＱＣ工程表」に記載する。ポカヨケは、問題の大きさに適切で、リスクに釣り合う程度の大きさのポカヨケを採用する。ポカヨケの手順には、ポカヨケ装置の故障又は模擬故障のテストを含め、それらの結果は記録として維持する。チャレンジ部品（ポカヨケ装置の機能又は点検冶具）が使用される場合、実現可能であれば、識別し、管理し、検証し、及び校正する。ポカヨケの手順には、ポカヨケ装置の故障の場合の対応計画を定めて、実施する。*※チャレンジ部品とは、ポカヨケ装置又は点検ゲージの妥当性確認に使用する、手順書にトレーサブルな期待された結果（合格又は不合格）をもつ部品をいう。*
10.2.5,補償管理システム*当社の製品が、顧客から補償（ワランティー）対象となっている場合、手順を定めて実施する。当社は、その手順に、ＮＴＦ（no trouble found：良品返品）を含めて補償部品分析の方法を定めて実施する。顧客に規定されている場合、当社はその要求される補償管理プロセスを実施する。*
10.2.6,顧客苦情及び市場不適合の試験・分析*当社は、顧客での、受入段階から最終出荷段階までの間に発見された不適合品などの顧客苦情や、市場クレーム品、整備・点検段階で発見されて返却される調査依頼品など、出荷後に返却される製品について分析する。分析結果、不適合があった場合は、再発防止のために問題解決及び是正処置を行う。当社は、試験／分析の結果を、顧客及び当社内に伝達する。*
10.3, 継続的改善*当社は，品質マネジメントシステムの適切性、妥当性及び有効性の改善を継続的に実施する。*継続的改善の一環として、取り組まなければならない必要性又は機会があるかどうかを明確にするために、10.1項の継続的改善フローに従い、分析及び評価の結果並びにマネジメントレビューからのアウトプットを検討する。*
10.3.1,継続的改善―補足*当社は、品質方針、品質目標、内部監査結果、外部審査機関からの指摘事項、是正処置及び予防処置、並びにマネジメントレビューを利用することによって、製品及び品質マネジメントシステムの有効性を継続的に改善する。*(1）組織の継続的改善*当社は、組織としての継続的改善を、次の二通りの取組みによって実施する。*①全社的改革的改善*  　　　・年度事業計画、年度品質方針、マネジメントレビューの中で、全社的な取り組みが必要な改善については、社長がチームリーダーを指名して、チーム活動によって改善する。*・チームリーダーは、改善計画を作成し、進捗状況を月次部課長会議で報告する。*②日常改善活動*部門単位で、日常の業務活動の中での「改善提案制度」活動によって、改善する。改善内容は記録する。*(2) 製造工程改善*当社は、次の製造工程の継続的改善への取組みによって、製品特性及び製造工程パラメータにおけるばらつきを管理し、低減する。*① 継続的改善は、対象とする特性が次の状態に確保された後に実施するものである。*現在の工程能力値を確保する活動は、継続的改善には該当しない。*・製造の工程能力が目標を達成している状態*・製品特性が予測可能で顧客要求事項を満たす状態が確保された状態*②	各「ＱＣ工程表」記載の製品特性値及び製造工程パラメータを対象に実施する。*③	各「ＱＣ工程表」記載の製品特性値及び製造工程パラメータのうち、ばらつきが相対的に大きく、重要なものから順に取り上げて工程能力値（Cpk）を改善する。*④	製造工程改善活動には、主に次の統計的手法を使用する。*・「Ｘbar-Ｒ管理図(文書管理番号)」*・工程能力指数*(3）リスク分析（工程ＦＭＥＡ）*当社は、工程ＦＭＥＡの結果、“推奨の対策”への対応を、継続的改善へとつなげる。*